Artikel,Tag,Value
0,Pasien,wanita dewasa
0,Usia pasien,28 tahun
0,Penyakit,kulit wajah kering
0,Penyakit,kulit wajah sangat sensitif
0,Pertanyaan,bahan anti aging mana yang paling ringan
0,Objek,retinol
0,Objek,ceramide
0,Objek,peptide
0,Pembuka,terima kasih
0,Penyakit,kulit kering
0,Gejala,penuaan dini
0,Penyakit,kulit kering
0,Gejala,kondisi kulit yang kering
0,Gejala,mudah bereaksi terhadap cuaca yang ekstrim
0,Prakondisi,kulit mudah merah
0,Tindakan,memilih produk perawatan wajah yang bersifat hipoalergenik
0,Penyakit,kulit kering
0,Outcome,membuat kulit mengelupas dan terasa kencang
0,Kapan,setelah mencuci muka dengan sabun dan air
0,Outcome,kulit lembab
0,Tindakan,pilih pelembap yang tepat
0,Tindakan,pelembab yang tepat
0,Outcome,mengatasi kulit kering
0,Tindakan,memberi nutrisi lebih pada sel-sel kulit
0,Tindakan,mengurangi kedalaman dan keparahan keriput serta garis-garis halus
0,Prakondisi,keriput
0,Penyakit,kulit kering
0,Tindakan,hindari bentuk produk kulit
0,Objek,serum
0,Objek,gel
0,Tindakan,pilihlah produk berbentuk krim
0,Objek,krim yang lebih tebal dengan tekstur yang lebih lunak
0,Tindakan,memilih pelembab
0,Objek,pelembab hyaluronic acid
0,Prakondisi,belum pernah menggunakan kandungan ini
0,Tindakan,uji alergi
0,Tindakan,usapkan sedikit di bagian leher atau di lengan bagian dalam
0,Periode,30 menit ke depan
0,Pertanyaan,apakah
0,Outcome,reaksi peradangan
0,Prakondisi,tanda
0,Tindakan,tidak cocok dengan kandungan dalam produk tersebut
0,Tindakan,gunakan tabir surya
0,Penyebab,gelombang ultraviolet pada sinar matahari
0,Penyakit,keriput pada kulit
0,Outcome,efek yang berbahaya bagi kulit kering
0,Tindakan,hendak pergi keluar
0,Tindakan,mengoleskan tabir surya
0,Objek,tabir surya dengan minimal SPF 30
0,Tindakan,hindari mandi air panas
0,Tindakan,mandi air panas
0,Outcome,meluruhkan minyak alami dari sel kulit
0,Outcome,mengurangi kelembapan kulit
0,Penyakit,kering dan mudah keriput
0,Prakondisi,kulit mudah iritasi
0,Tindakan,cuci wajah dengan air dengan suhu biasa saja
0,Kapan,saat mengeringkannya
0,Tindakan,jangan di gosok
0,Tindakan,tepuk-tepuk ringan saja
0,Tindakan,gunakan sabun lembut
0,Tindakan,gunakan sabun lembut
0,Prakondisi,sesuai dengan keasaman (pH) kulit
0,Prakondisi,mengandung pelembap
0,Objek,sabun
0,Outcome,kesan licin di kulit
0,Tindakan,hindari sabun
0,Objek,sabun dengan kandungan yang terlalu keras
0,Objek,sabun
0,Outcome,kesan kesat pada kulit
0,Outcome,kulit menjadi kering
0,Tindakan,hati-hati memilih produk perawatan kulit
0,Tindakan,jangan menggunakan produk yang mengandung alkohol
0,Outcome,kulit menjadi lebih kering dan iritasi
0,Tindakan,produk perawatan yang mengandung alkohol
0,Objek,toner
0,Tindakan,menggunakan toner lembut tanpa alkohol
0,Penyakit,kulit kering dan sensitif
0,Tindakan,produk pembersih (cleanser) yang terlalu kuat
0,Outcome,membuat kulit kering dan iritasi
0,Tindakan,pilihlah produk pembersih dengan label â€œhipoalergenikâ€
0,Penyakit,kulit kering dan sensitif
0,Tindakan,masker wajah
0,Tindakan,menghilangkan komedo
0,Tindakan,mengecilkan pori
0,Outcome,membuat kulit menjadi kering
0,Penyakit,kulit kering
0,Tindakan,pilihlah masker yang memberikan kelembapan dan dapat â€œmenenangkanâ€ kulit
0,Penyakit,komedo
0,Penyakit,pori besar
0,Tindakan,gunakan masker komedo di area tertentu yang bermasalah
0,Tindakan,produk yang anda sebutkan
0,Objek,ceramide
0,Objek,golongan asam lemak
0,Tindakan,memperbaiki barier kulit
0,Tindakan,ditemukan dalam campuran toner atau pelembab
0,Objek,retinol
0,Tindakan,bahan aktif dari vitamin A
0,Tindakan,membantu merangsang pembentukan kolagen
0,Tindakan,dijual bebas
0,Objek,retinol
0,Tindakan,golongan retinol yang lebih kuat
0,Objek,tretinoin
0,Prakondisi,memerlukan resep dokter
0,Prakondisi,membutuhkan pengawasan
0,Tindakan,termasuk bahan aktif
0,Outcome,efek samping
0,Outcome,iritasi
0,Outcome,kemerahan pada kulit
0,Objek,peptide
0,Objek,rangkaian rantai asam amino (protein)
0,Tindakan,membantu merangsang kolagen
0,Objek,ceramide
0,Pertanyaan,mana yang lebih cocok
0,Tindakan,konsultasikan dengan dokter spesialis kulit
0,Tindakan,kondisi kulit perlu di lihat secara langsung
0,Tindakan,terapkan pola hidup sehat
0,Tindakan,produk perawatan wajah
0,Tindakan,mengkonsumsi sayuran dan buah serta minum air putih yang cukup
0,Outcome,agar kulit tetap terhidrasi dengan baik
0,Penutup,demikian
0,Penutup,salam
1,Pasien,wanita remaja
1,Usia pasien,19 tahun
1,Penyakit,kulit wajah merah perih bersisik
1,Pertanyaan,bagaimana
1,Pembuka,terima kasih
1,Pembuka,simpati
1,Prakondisi,kulit yang merah
1,Penyakit,kulit kering
1,Penyakit,kulit kering
1,Penyebab,udara yang kering
1,Penyebab,bersuhu dingin
1,Penyebab,terlalu panas menyengat
1,Kapan,sering
1,Penyebab,mandi dengan air panas
1,Penyebab,berenang di air yang mengandung klorin
1,Kapan,sering
1,Penyebab,mandi
1,Objek,sabun yang bersifat â€œkerasâ€ untuk kulit
1,Outcome,menghilangkan kelembapan alami pada kulit
1,Objek,sabun keras
1,Outcome,rasa kesat pada kulit
1,Penyebab,terpapar sinar ultraviolet matahari
1,Outcome,menimbulkan kerusakan lapisan kulit
1,Outcome,kulit kering
1,Kapan,sering
1,Penyakit,dermatitis atopik
1,Outcome,kulit cenderung kering
1,Penyakit,keluhan kulit
1,Penyebab,alergi
1,Penyebab,ketidak cocokan kulit
1,Objek,produk kosmetik
1,Objek,pembersih wajah
1,Tindakan,pemeriksaan secara langsung
1,Tindakan,memeriksakan kulit wajah anda kepada dokter spesialis kulit
1,Prakondisi,penyebabnya telah ditemukan
1,Tindakan,pengobatan yang optimal
1,Outcome,mencegah kerusakan kulit lebih lanjut
1,Tindakan,merawat kulit
1,Outcome,tidak kering
1,Tindakan,gunakan pelembap
1,Tindakan,menggunakan pelembap
1,Tindakan,mengoleskan pelembap
1,Outcome,menambah hidrasi kulit
1,Outcome,â€œmengunciâ€ air atau kelembapan
1,Outcome,tidak menguap dari dalam kulit
1,Kapan,pagi atau siang hari
1,Tindakan,gunakan pelembap dengan tekstur lebih ringan
1,Objek,pelembab tabir surya (SPF minimal 15)
1,Outcome,menangkal pengaruh buruk sinar ultraviolet matahari
1,Kapan,malam hari
1,Tindakan,pelembap yang lebih kental
1,Prakondisi,kulit tidak terlalu kering
1,Tindakan,menggunakan jenis losion
1,Prakondisi,kulit sangat kering
1,Tindakan,menggunakan pelembap yang lebih kental
1,Objek,krim
1,Tindakan,menambahkan minyak
1,Objek,minyak zaitun
1,Tindakan,mengoleskan pelembap
1,Kapan,selesai mandi
1,Prakondisi,keadaan kulit masih setengah basah
1,Prakondisi,mudah menyerap pelembap
1,Tindakan,jangan menggosok kulit dengan handuk
1,Tindakan,mengeringkan
1,Tindakan,tepuk dengan lembut
1,Outcome,terhindari dari iritasi
1,Kapan,terlalu sering
1,Tindakan,menggunakan scrub
1,Objek,scrub
1,Tindakan,mengelupas sel-sel kulit mati
1,Outcome,kulit tampak bercahaya
1,Outcome,tidak kusam
1,Kapan,terlalu sering
1,Tindakan,menggunakan
1,Outcome,kulit menjadi kering
1,Prakondisi,kulit kering
1,Tindakan,melakukan pengelupasan kulit
1,Outcome,kulit menjadi semakin kering
1,Outcome,iritasi
1,Tindakan,lakukan scrub
1,Kapan,maksimal seminggu sekali
1,Tindakan,menggunakan produk
1,Objek,alpha hydroxy acid (AHA)
1,Objek,beta hydroxy acid (BHA)
1,Outcome,mengelupas kulit mati secara kimiawi
1,Tindakan,tanpa menggunakan butiran kasar
1,Tindakan,jangan gunakan air panas untuk mandi
1,Tindakan,menggunakan air dingin atau air hangat
1,Periode,terlalu lama
1,Tindakan,mandi
1,Periode,10 menit
1,Prakondisi,kulit kering
1,Tindakan,gunakan sabun lembut
1,Tindakan,gunakan sabun lembut
1,Objek,sabun yang sesuai dengan keasaman (pH) kulit
1,Objek,sabun mengandung pelembap
1,Tindakan,sabun
1,Outcome,licin di kulit
1,Tindakan,hindari sabun
1,Objek,sabun kandungan yang terlalu keras
1,Objek,sabun mengandung antiseptic
1,Objek,tidak sesuai dengan pH kulit
1,Tindakan,sabun
1,Outcome,kesat pada kulit
1,Outcome,kulit kering
1,Prakondisi,kulit sangat kering
1,Prakondisi,kulit mengalami iritasi atau infeksi
1,Objek,sabun batang
1,Objek,sabun cair
1,Tindakan,encerkan terlebih dahulu dengan air
1,Tindakan,memilih produk perawatan kulit
1,Tindakan,jangan menggunakan produk yang mengandung alkohol
1,Outcome,kulit menjadi lebih kering dan iritasi
1,Tindakan,produk perawatan yang mengandung alkohol
1,Objek,toner
1,Penyakit,kulit kering dan sensitif
1,Objek,toner lembut tanpa alkohol
1,Objek,produk pembersih (cleanser) yang terlalu kuat
1,Outcome,membuat kulit kering dan iritasi
1,Tindakan,pilihlah produk pembersih
1,Objek,label â€œhipoalergenikâ€
1,Penyakit,kulit kering dan sensitif
1,Tindakan,masker wajah
1,Outcome,menghilangkan komedo
1,Outcome,mengecilkan pori
1,Outcome,membuat kulit menjadi kering
1,Penyakit,kulit kering
1,Tindakan,pilihlah masker yang memberikan kelembapan dan dapat â€œmenenangkanâ€ kulit
1,Penyakit,komedo
1,Penyakit,pori yang besar
1,Tindakan,gunakan masker komedo di area tertentu yang bermasalah
1,Tindakan,riasan jenis bedak
1,Objek,powder
1,Tindakan,tanpa kilap
1,Outcome,tidak akan terlihat indah
1,Prakondisi,kulit yang kering
1,Tindakan,pilihlah riasan
1,Objek,jenis krim atau cair
1,Outcome,melekat dengan baik
1,Outcome,tahan lebih lama
1,Tindakan,riasan jenis bedak
1,Outcome,tampilan kulit kering menjadi semakin jelas dan bersisik
1,Penutup,demikian
1,Penutup,salam
2,Pasien,pria remaja
2,Usia pasien,15 tahun
2,Pertanyaan,kenapa
2,Penyakit,rambut sering rontok
2,Penyakit,ada cairan
2,Outcome,kembali seperti biasa
2,Pembuka,salam
2,Pembuka,simpati
2,Penyakit,kerontokan rambut
2,Penyebab,genetic
2,Penyebab,infeksi jamur
2,Penyebab,hipotiroid
2,Tindakan,pemeriksaan fisik langsung
2,Penyakit,kerontokan rambut
2,Tindakan,pertumbuhan rambut
2,Periode,2-6 tahun
2,Tindakan,rambut tumbuh 1 cm/bulan
2,Prakondisi,90% dari rambut di kepala tumbuh
2,Kapan,setiap saat
2,Prakondisi,10% sisanya dalam fase istirahat
2,Periode,2-3 bulan
2,Prakondisi,fase istirahat
2,Prakondisi,rambut baru mulai tumbuh pada tempat yang sama
2,Penyakit,rambut rontok
2,Kapan,setiap hari
2,Tindakan,rata-rata kulit kepala memiliki sekitar 100.000 helai rambut
2,Tindakan,secara kasar 50-100 helai rambut dapat rontok
2,Kapan,setiap hari
2,Prakondisi,batas normal
2,Penyakit,kerontokan
2,Outcome,rambut tipis
2,Prakondisi,rambut rontok sekitar lebih dari 100 helai rambut/hari
2,Penyebab,faktor herediter (keturunan)
2,Penyebab,faktor yang didapat (karena penyakit atau keadaan tertentu)
2,Penyebab,faktor herediter
2,Tindakan,tidak dapat disembuhkan
2,Tindakan,mencegah
2,Outcome,kerontokan rambut tidak terlalu cepat
2,Penyebab,faktor yang didapat
2,Penyebab,jamur pada kulit kepala
2,Penyebab,anemia
2,Penyebab,demam
2,Penyebab,sakit tifus
2,Penyebab,salah perawatan rambut
2,Tindakan,mencegah kerontokan rambut
2,Tindakan,banyak makan makanan
2,Objek,banyak mengandung protein dan zat besi
2,Tindakan,hindari stress
2,Tindakan,hindari obat-obatan yang mengganggu pertumbuhan rambut
2,Tindakan,rajin olah raga
2,Outcome,memperlancar peredaran darah
2,Tindakan,cukup istirahat
2,Tindakan,stop merokok
2,Tindakan,hindari pemakaian pengering rambut
2,Tindakan,hindari keramas dengan air panas
2,Tindakan,hindari pemakaian bahan - bahan kimia di rambut
2,Tindakan,lakukan
2,Outcome,kerontokan tidak kunjung berkurang
2,Tindakan,berkonsultasi ke dokter spesialis kulit
2,Tindakan,evaluasi
2,Penyebab,infeksi jamur pada kulit kepala
2,Tindakan,terapi
2,Tindakan,pemberian suntikan obat-obatan langsung pada kulit kepala (mesotherapy)
2,Tindakan,prp therapy
2,Tindakan,transplantasi rambut
2,Periode,jangka panjang
2,Penutup,terima kasih
2,Penutup,ajakan
2,Penutup,promosi
2,Penutup,harapan
3,Pasien,wanita remaja
3,Usia pasien,18 tahun
3,Penyakit,jerawat banyak seperti bruntusan meradang
3,Penyakit,iritasi
3,Penyebab,masker kopi
3,Pertanyaan,bagaimana cara menyembuhkan jerawat
3,Pembuka,salam
3,Pembuka,simpati
3,Penyakit,jerawat
3,Penyebab,belum diketahui
3,Penyebab,stress
3,Penyebab,faktor hormonal
3,Penyakit,komedo
3,Penyakit,jerawat
3,Penyebab,meningkatnya produksi hormon testosteron
3,Penyebab,hormon testosteron
3,Penyakit,jerawat
3,Tindakan,merangsang kelenjar minyak
3,Outcome,memproduksi minyak kulit secara berlebihan
3,Penyebab,kelenjar minyak terlalu aktif
3,Penyebab,keturunan
3,Penyebab,bakteri di pori-pori kulit
3,Tindakan,pengobatan jerawat
3,Penyakit,jerawat
3,Prakondisi,tidak dapat dikontrol
3,Tindakan,pengobatan
3,Prakondisi,pengendalian dari pola makan
3,Prakondisi,kebiasaan membersihkan wajah
3,Prakondisi,pengendalian stress
3,Penyakit,jerawat
3,Tindakan,diperdebatkan
3,Outcome,individual
3,Tindakan,dicoba
3,Outcome,hasil yang terbaik
3,Tindakan,diet rendah lemak
3,Tindakan,konsumsi produk susu yang terkontrol
3,Tindakan,konsumsi makanan rendah karbohidrat
3,Outcome,jerawat dapat membaik
3,Tindakan,mengontrol kadar gula dalam darah
3,Outcome,memperbaiki kondisi berjerawat
3,Tindakan,produk susu dan juga makanan berlemak dihindari
3,Prakondisi,peningkatan minyak dalam kelenjar sebasea kulit
3,Outcome,jerawat
3,Tindakan,pengobatan jerawat
3,Tindakan,mengurangi produksi minyak
3,Tindakan,melawan infeksi bakteri
3,Tindakan,mempercepat pergantian sel kulit
3,Tindakan,mengurangi peradangan
3,Periode,4-6 minggu pertama
3,Tindakan,obat-obatan jerawat
3,Tindakan,pengobatan luar
3,Tindakan,obat-obatan minum
3,Prakondisi,derajat keparahan jerawat
3,Tindakan,cucilah muka
3,Objek,sabun muka khusus untuk jerawat
3,Objek,sabun bayi
3,Kapan,2 kali sehari
3,Prakondisi,setelah beraktivitas atau berkeringat
3,Pertanyaan,sabun jenis apa
3,Penyakit,jerawat
3,Prakondisi,berukuran besar dan meradang
3,Tindakan,suntik kortikosteroid
3,Prakondisi,indikasi dan berada di bawah pengawasan dokter
3,Penutup,terima kasih
3,Penutup,ajakan
3,Penutup,promosi
3,Penutup,harapan
4,Pasien,wanita remaja
4,Usia pasien,14 tahun
4,Penyakit,jerawat
4,Penyakit,bruntusan
4,Periode,6 sd hingga smp kelas 9
4,Pertanyaan,rekomendasi skincare dari dokter
4,Tindakan,langsung beli online
4,Pembuka,salam
4,Pembuka,perkenalan
4,Pembuka,simpati
4,Penyakit,bekas jerawat
4,Tindakan,terapi laser
4,Tindakan,dermabrasi
4,Prakondisi,luas serta kedalaman bekas jerawat
4,Prakondisi,ringan
4,Penyakit,bekas jerawat
4,Tindakan,pemberian hidrokuinon 2% hanya tepat pada daerah bekas jerawat
4,Outcome,bekas jerawat memudar
4,Penyakit,bekas jerawat
4,Tindakan,pemberian krim malam
4,Objek,krim malam mengandung asam retinoate
4,Tindakan,diresepkan oleh dokter spesialis kulit dan kelamin
4,Tindakan,prosedur chemical peeling
4,Outcome,memudarkan atau bahkan menghilangkan bekas jerawat
4,Tindakan,pemberian krim malam yang mengandung asam retinoat
4,Tindakan,chemical peeling
4,Tindakan,mempercepat proses regenerasi kulit
4,Outcome,sel-sel kulit baru akan lebih cepat timbul
4,Tindakan,analisa
4,Prakondisi,kedalaman bekas jerawat
4,Prakondisi,jenis kulit
4,Prakondisi,reaksi alergi
4,Tindakan,memilih prosedur
4,Tindakan,melakukan prosedur
4,Tindakan,dipilihkan jenis cairan kimia dan konsentrasi/ kekuatan
4,Prakondisi,sesuai untuk kondisi kulit Anda
4,Tindakan,mengunjungi dokter spesialis kulit dan kelamin
4,Penutup,terima kasih
4,Penutup,ajakan
4,Penutup,promosi
5,Pasien,pria remaja
5,Usia pasien,15 tahun
5,Penyakit,ada bentolan kecil di bawah dagu sekitar 9-12
5,Penyakit,pucuk bentolan nya kayak putih putih
5,Tindakan,gak makan yang aneh aneh
5,Pertanyaan,bentolan apa itu?
5,Pembuka,salam
5,Pembuka,simpati
5,Penyakit,komedo
5,Penyakit,komedo
5,Gejala,penyumbatan pori-pori pada kulit
5,Gejala,menimbulkan titik hitam atau putih di wajah
5,Penyakit,komedo
5,Penyakit,komedo terbuka
5,Penyakit,komedo tertutup
5,Tindakan,penanganan komedo
5,Objek,krim
5,Objek,lotion acne
5,Penyakit,jerawat
5,Penyakit,komedo
5,Tindakan,ditangani sendiri di rumah dengan menggunakan obat-obatan yang dijual bebas
5,Objek,krim
5,Objek,lotion acne
5,Tindakan,ekstraksi komedo
5,Tindakan,tindakan yang dilakukan
5,Tindakan,ekstraksi komedo / jerawat
5,Objek,alat ekstraktor
5,Tindakan,pemberian krim
5,Tindakan,pemberian antibiotic
5,Tindakan,pemberian steroid
5,Tindakan,photodynamic therapy
5,Tindakan,tindakan laser
5,Prakondisi,berkonsultasi lebih lanjut dengan dokter
5,Prakondisi,keluhan yang sangat menganggu
5,Penutup,terima kasih
5,Penutup,ajakan
5,Penutup,promosi
5,Penutup,harapan
6,Pasien,pria remaja
6,Usia pasien,19 tahun
6,Penyakit,bekas jerawat
6,Pertanyaan,apakah aman
6,Tindakan,ingin mengobatinya pake salep retinoid
6,Pembuka,salam
6,Pembuka,simpati
6,Objek,retinoic acid
6,Penyakit,eritema (kemerahan)
6,Penyakit,peeling (kulit mengelupas)
6,Penyakit,kulit kering
6,Penyakit,fotosensitivitas (peka terhadap cahaya matahari)
6,Penyakit,perubahan warna kulit (hipopigmentasi/hiperpigmentasi)
6,Penyakit,bengkak
6,Penyakit,alergi
6,Objek,retinoic acid
6,Tindakan,mengurangi produksi sebum (kelenjar minyak)
6,Outcome,membuat kulit dan bibir menjadi kering
6,Kapan,awal penggunaan
6,Penyakit,jerawat yang muncul dapat lebih banyak
6,Tindakan,mengangkat komedo pada kulit
6,Tindakan,penggunaan obat kulit
6,Periode,tidak sebentar
6,Periode,3 bulan pemakaian
6,Tindakan,lanjutkan penggunaan cream retinoic acid
6,Kapan,setiap hari
6,Tindakan,tidak dapat menyebutkan merek krim retinoid
6,Tindakan,melakukan pemeriksaan dahulu ke dokter
6,Outcome,mendapatkan krim yang sesuai dengan kondisi kulit
6,Penutup,terima kasih
6,Penutup,ajakan
6,Penutup,promosi
7,Pasien,wanita dewasa
7,Usia pasien,24 tahun
7,Penyakit,rambut rontok banget
7,Tindakan,gonta ganti shampo
7,Outcome,tetap
7,Objek,sampo selsun 7
7,Kapan,akhir-akhir ini
7,Penyakit,rontok lagi
7,Tindakan,makan makanan sayur dan buah
7,Pertanyaan,bagaimana mengatasi rambut rontok
7,Pembuka,salam
7,Pembuka,simpati
7,Pembuka,simpati
7,Tindakan,pertumbuhan rambut
7,Periode,2-6 tahun
7,Tindakan,rambut tumbuh 1 cm/bulan
7,Prakondisi,90% dari rambut di kepala tumbuh
7,Kapan,setiap saat
7,Prakondisi,10% sisanya dalam fase istirahat
7,Periode,2-3 bulan
7,Prakondisi,fase istirahat
7,Prakondisi,rambut baru mulai tumbuh pada tempat yang sama
7,Penyakit,rambut rontok
7,Kapan,setiap hari
7,Tindakan,rata-rata kulit kepala memiliki sekitar 100.000 helai rambut
7,Tindakan,secara kasar 50-100 helai rambut dapat rontok
7,Kapan,setiap hari
7,Prakondisi,batas normal
7,Prakondisi,rambut rontok sekitar lebih dari 100 helai rambut/hari
7,Penyebab,faktor herediter (keturunan)
7,Penyebab,faktor yang didapat (karena penyakit atau keadaan tertentu)
7,Penyebab,faktor herediter
7,Tindakan,tidak dapat disembuhkan
7,Tindakan,mencegah
7,Outcome,kerontokan rambut tidak terlalu cepat
7,Penyebab,faktor yang didapat
7,Penyebab,jamur pada kulit kepala
7,Penyebab,anemia
7,Penyebab,demam
7,Penyebab,sakit tifus
7,Penyebab,salah perawatan rambut
7,Tindakan,mencegah kerontokan rambut
7,Tindakan,banyak makan makanan
7,Objek,banyak mengandung protein dan zat besi
7,Tindakan,hindari stress
7,Tindakan,hindari obat-obatan yang mengganggu pertumbuhan rambut
7,Tindakan,rajin olah raga
7,Outcome,memperlancar peredaran darah
7,Tindakan,cukup istirahat
7,Tindakan,stop merokok
7,Tindakan,hindari pemakaian pengering rambut
7,Tindakan,hindari keramas dengan air panas
7,Tindakan,hindari pemakaian bahan - bahan kimia di rambut
7,Penutup,terima kasih
7,Penutup,ajakan
7,Penutup,promosi
7,Penutup,harapan
8,Pasien,wanita remaja
8,Usia pasien,19 tahun
8,Tindakan,meminum obat
8,Objek,dohixat doxycycline
8,Penyakit,jerawat
8,Penyakit,sakit dibagian bawah rusuk
8,Penyakit,kesulitan makan karna sakit saat menelan makanan
8,Penyakit,panas dikerongkongan
8,Pertanyaan,efek samping doxycyline
8,Pembuka,salam
8,Pembuka,simpati
8,Objek,doxycyline
8,Penyakit,sakit perut
8,Penyakit,mual
8,Penyakit,muntah
8,Penyakit,ruam atau gatal pada kulit
8,Penyakit,gatal pada vagina
8,Penyakit,keluarnya cairan dari vagina
8,Penyakit,sakit kepala
8,Penyakit,mulut kering
8,Penyakit,iritasi pada tenggorokan
8,Prakondisi,keluhan mengganggu
8,Tindakan,diskusikan kembali dengan dokter yang meresepkan
8,Outcome,disarankan jalan keluar
8,Penutup,terima kasih
8,Penutup,ajakan
8,Penutup,promosi
8,Penutup,harapan
9,Pasien,wanita remaja
9,Usia pasien,19 tahun
9,Pertanyaan,facial wash yang cocok
9,Penyakit,wajah berminyak
9,Pembuka,simpati
9,Pembuka,permohonan maaf
9,Tindakan,menghindari bias promosi
9,Outcome,berpotensi bertentangan dengan etika profesi kedokteran
9,Penyebab,aktifitas kelenjar minyak (sebum) yang berlebihan
9,Penyakit,kulit berminyak
9,Gejala,permukaan kulit yang cenderung mengkilap
9,Penyakit,komedo
9,Penyakit,jerawat
9,Penyebab,banyaknya kandungan kalenjar minyak (sebum)
9,Outcome,mencegah kulit dari kekeringan
9,Prakondisi,lingkungan yang penuh kotoran dan debu yang tidak terlihat
9,Penyakit,kulit berminyak
9,Tindakan,menangkap kotoran dan debu yang tidak terlihat
9,Penyakit,kulit berminyak
9,Penyakit,jerawat
9,Penyakit,kulit berminyak
9,Penyebab,genetic
9,Penyebab,faktor cuaca
9,Penyebab,terlalu banyak menggunakan produk kecantikan
9,Penyebab,hormone
9,Penyebab,kehamilan
9,Penyebab,diet
9,Penyebab,menggunakan produk kecantikan yang salah
9,Penyebab,obat-obatan yang mengandung hormon
9,Objek,kontraspesi
9,Penyakit,kulit berminyak
9,Tindakan,bersihkan wajah
9,Kapan,2 kali sehari
9,Kapan,selesai beraktifitas
9,Kapan,setelah memakai make up
9,Tindakan,gunakan pembersih wajah khusus kulit berminyak
9,Tindakan,pilihlah pelembab yang berbahan dasar air
9,Tindakan,gunakan tabir surya dengan kekuatan SPF minimal 30
9,Kapan,setiap 2 jam sekali
9,Tindakan,pilih segala macam produk perawatan kulit yang bertanda non comedogenic
9,Tindakan,konsumsi vitamin A
9,Tindakan,minum air putih minimal 1
9,Kapan,per hari
9,Penutup,demikian
9,Penutup,harapan
10,Pasien,pria dewasa
10,Usia pasien,29 tahun
10,Penyakit,biduran kronis
10,Periode,4 bulan
10,Kapan,3 atau 4 hari
10,Tindakan,obati dengan antihistamin
10,Objek,cetirizine dosis 10 mg
10,Penyebab,belum di ketahui
10,Tindakan,coba bebagai cara utk mengindari penyebab biduran
10,Outcome,tetap selalu muncul
10,Pertanyaan,mengatasi biduran
10,Pembuka,terima kasih
10,Penyebab,berbeda-beda
10,Penyebab,alergi makanan
10,Penyebab,alergi terhadap tanaman
10,Penyebab,perubahan suhu atau cuaca
10,Penyebab,infeksi flu
10,Penyebab,konsumsi obat-obatan tertentu
10,Objek,obat penurun tekanan darah
10,Penyebab,terpapar pengawet atau pewarna makanan
10,Penyebab,stress
10,Penyebab,konsumsi alkohol dan kafein
10,Penyebab,gangguan tiroid
10,Tindakan,15â€“20% orang di seluruh dunia mengalami biduran sepanjang hidupnya
10,Tindakan,lebih sering terjadi pada wanita dan anak-anak
10,Penyakit,biduran
10,Tindakan,mudah untuk ditangani
10,Tindakan,konsumsi obat
10,Objek,antihistamin
10,Tindakan,kompres dingin pada area yang mengalami biduran
10,Outcome,mengurangi keluhan gatal
10,Penyakit,biduran
10,Penyebab,alergi dingin
10,Penyebab,alergi dingin
10,Tindakan,penggunaan kompres dingin tidak boleh dilakukan
10,Tindakan,hindari produk yang bersifat iritan
10,Outcome,reaksi alergi
10,Objek,pelembap atau body lotion
10,Tindakan,hindari berjemur di bawah terik matahari
10,Tindakan,hindari penggunaan pakaian
10,Objek,berbahan dasar wol
10,Tindakan,gunakan pakaian yang menyerap keringat dengan baik
10,Outcome,terasa nyaman
10,Tindakan,mengunjungi dokter
10,Gejala,biduran
10,Periode,beberapa hari
10,Prakondisi,tak kunjung membaik
10,Gejala,biduran
10,Prakondisi,semakin memburuk
10,Periode,waktu ke waktu
10,Gejala,ruam timbul disertai nyeri
10,Gejala,meninggalkan memar
10,Gejala,benar-benar mengganggu aktivitas
10,Periode,sehari-hari
10,Gejala,pusing berputar
10,Gejala,tenggorokan atau wajah menjadi bengkak
10,Gejala,sesak napas
10,Gejala,rasa tertekan di area dada
10,Penyebab,reaksi alergi
10,Tindakan,test alergi
10,Tindakan,pemeriksaaan
10,Outcome,menentukan kondisi yang mendasari biduran kronis
10,Tindakan,tes darah lengkap
10,Outcome,melihat apakah Anda menderita anemia atau tidak
10,Tindakan,pengambilan sampel feses
10,Outcome,mengetahui apakah terdapat infeksi di dalam usus
10,Tindakan,tes fungsi organ hati
10,Tindakan,tes fungsi tiroid
10,Tindakan,penghitungan tingkat antibodi di dalam darah
10,Tindakan,tes laju endap darah
10,Outcome,mengenali masalah dengan sistem kekebalan tubuh
10,Tindakan,konsultasi lanjut dengan dokter
10,Tindakan,pemeriksaan menyeluruh
10,Tindakan,penanganan lebih optimal
10,Penutup,demikian
10,Penutup,harapan
11,Pasien,wanita dewasa
11,Usia pasien,49 tahun
11,Penyakit,bagian perut sama dada ada bintik merah tapi tidak gatal
11,Pertanyaan,karena apa
11,Pembuka,terima kasih
11,Penyakit,bintik-bintik merah pada tubuh
11,Penyebab,alergi
11,Penyebab,infeksi
11,Penyebab,alergi
11,Penyebab,mekanisme alergi memang akan selalu muncul
11,Kapan,selama hal-hal yang menyebabkan alergi tersebut mengenai orang bersangkutan
11,Tindakan,dihindari
11,Tindakan,dicegah
11,Pertanyaan,apakah karena obat atau hal-hal tertentu
11,Tindakan,didiagnosis melalui pemeriksaan langsung
11,Tindakan,mengunjungi dokter
11,Gejala,bercak merah
11,Tindakan,pemeriksaan fisik
11,Penutup,demikian
11,Referensi,artikel
11,Referensi,jangan lakukan 5 hal ini pada kulit anda
11,Referensi,kulit sehat cerminan tubuh sehat
11,Penutup,terima kasih
11,Penutup,harapan
12,Pasien,pria remaja
12,Usia pasien,17 tahun
12,Pertanyaan,cara mengobati dan mengatasi
12,Penyakit,selangkangan gatal dan menghitam
12,Pembuka,perkenalan
12,Pembuka,simpati
12,Penyebab,infeksi jamur kulit
12,Penyakit,jamur yang mengenai daerah selangkangan
12,Penyebab,jamur dermatofita
12,Penyebab,candida
12,Penyebab,tinea kruris
12,Penyakit,jamur yang mengenai daerah selangkangan
12,Penyebab,jamur dermatofita
12,Penyebab,candida
12,Penyebab,tinea kruris
12,Prakondisi,penderita diabetes dan obesitas memiliki risiko lebih tinggi
12,Tindakan,mengalami gatal pada selangkangan
12,Penyebab,infeksi jamur
12,Penyebab,infeksi jamur mengenai daerah selangkangan atau sisi paha atas bagian dalam
12,Gejala,rasa gatal yang dapat hebat
12,Gejala,ruam berbatas tegas
12,Gejala,tepi meninggi yang dapat berupa bintil-bintil kemerahan
12,Gejala,bagian tengah menyembuh berupa daerah coklat kehitaman bersisik
12,Tindakan,garukan terus-menerus
12,Outcome,gambaran penebalan kulit
12,Tindakan,konsumsi antijamur
12,Objek,obat oles antijamur
12,Tindakan,pengobatan
12,Penyakit,infeksi jamur
12,Periode,2-4 minggu
12,Prakondisi,berkonsultasi terlebih dulu dengan dokter spesialis kulit dan kelamin
12,Tindakan,pemeriksaan langsung
12,Tindakan,penanganan
12,Tindakan,diagnosis yang hanya berdasarkan cerita tanpa dilihat langsung sangat berisiko
12,Tindakan,menjaga kebersihan daerah selangkangan
12,Tindakan,mandi
12,Kapan,2 kali sehari
12,Tindakan,mengganti pakaian dalam bila sudah lembab
12,Penyakit,infeksi jamur
12,Tindakan,menggaruk bagian yang terinfeksi
12,Tindakan,menyentuh bagaian tubuh lainnya sebelum mencuci tangan
12,Tindakan,mencuci tangan setelah menggaruk
12,Tindakan,mencuci dengan bersih setiap pakaian
12,Outcome,penularan
12,Penutup,terima kasih
12,Penutup,ajakan
12,Penutup,promosi
13,Pasien,wanita remaja
13,Usia pasien,19 tahun
13,Penyakit,bekas membiru (lebam)
13,Prakondisi,tidak terbentur
13,Pembuka,terima kasih
13,Pertanyaan,apakah mudah berdarah
13,Periode,dari dahulu
13,Periode,baru akhir-akhir ini saja
13,Pertanyaan,adakah riwayat mudah memar
13,Penyebab,tanpa diketahui
13,Pertanyaan,apakah ada keluarga yang mengalami hal seperti ini juga
13,Penyakit,mudah berdarah
13,Penyakit,mudah memar
13,Penyebab,gangguan pada trombosit
13,Penyebab,faktor koagulasi
13,Gejala,sering berdarah
13,Gejala,sering luka memar
13,Penyakit,ITP (Idiopathic Thrombocytopenic Purpura)
13,Penyakit,hemofilia
13,Penyakit,penyakit hati kronik
13,Penyakit,gangguan trombosit lainnya
13,Tindakan,berkonsultasi ke dokter spesialis penyakit dalam
13,Tindakan,diperiksakan laboratorium
13,Tindakan,pengobatan
13,Prakondisi,disesuaikan dengan penyebabnya
13,Penutup,sayang sekali
13,Tindakan,anamnesis
13,Tindakan,pemeriksaan fisik
13,Tindakan,pemeriksaan penunjang yang tepat
13,Penutup,demikian
13,Penutup,harapan
14,Pasien,wanita dewasa
14,Usia pasien,22
14,Tindakan,menggunakan obat jerawat
14,Objek,scarlett yg cream
14,Outcome,jerawat pasir
14,Tindakan,mencari digoogle
14,Pertanyaan,kalau begitu saya harus bagaimana
14,Pertanyaan,stop atau lanjut pemakaian nya
14,Pembuka,terima kasih
14,Pembuka,simpati
14,Tindakan,menggunakan cream
14,Outcome,muncul jerawat
14,Tindakan,stop
14,Tindakan,mengatasi jerawat
14,Objek,cream yang dijual bebas atau melalui e-commerce
14,Tindakan,penggunaan obat
14,Prakondisi,kondisi jerawat
14,Tindakan,menghindari makanan
14,Objek,berlemak
14,Outcome,optimal
14,Tindakan,memeriksakan langsung kondisi jerawat
14,Tindakan,diberikan penanganan yang sesuai dengan jenis jerawat
14,Penutup,demikian
14,Penutup,harapan
15,Pasien,pria remaja
15,Usia pasien,15 tahun
15,Penyakit,bekas gigitan serangga
15,Kapan,tadi siang
15,Tindakan,main
15,Penyebab,kegigit lalat besar dok
15,Pembuka,terima kasih
15,Pembuka,simpati
15,Gejala,luka bekas gigitan
15,Gejala,kemerahan
15,Gejala,tidak ada kemerahan
15,Gejala,bengkak
15,Tindakan,cuci area yang tergigit
15,Objek,air mengalir serta sabun
15,Tindakan,keringkan secara perlahan dengan handuk bersih
15,Tindakan,kompres bagian yang bengkak
15,Objek,kompres dingin
15,Periode,20 menit
15,Outcome,meredakan bengkak
15,Tindakan,dilakukan berulang kali
15,Periode,20 menit
15,Outcome,gatal
15,Tindakan,digigit serangga
15,Tindakan,diredakan juga dengan losion kalamin
15,Objek,krim hidrokortison
15,Prakondisi,tidak berkurang
15,Tindakan,konsultasi lanjut ke dokter
15,Penutup,demikian
15,Penutup,harapan
16,Pasien,pria dewasa
16,Usia pasien,21 tahun
16,Gejala,tangan kulit saya gatal
16,Tindakan,garuk
16,Penyakit,luka koreng
16,Pertanyaan,cara menyembuhkan dengan cara alami
16,Pembuka,terima kasih
16,Penyakit,penyakit kulit
16,Tindakan,didiagnosis berdasarkan pemeriksaan langsung
16,Prakondisi,lokasi
16,Penyakit,prurigo
16,Tindakan,dapat dialami setiap orang dalam segala usia
16,Prakondisi,ditemukan pada kisaran usia 20-60 tahun
16,Penyebab,tidak diketahui
16,Penyebab,gigitan serangga
16,Penyebab,kontak dengan pemicu alergi
16,Penyebab,faktor fisik
16,Penyebab,stres emosional
16,Penyebab,faktor psikologis lain
16,Penyebab,hormon
16,Penyebab,alergi makanan dan obat
16,Penyebab,tonsilitis
16,Penyebab,sinusitis kronik
16,Penyebab,anemia
16,Penyebab,riwayat keluarga dengan dermatitis atopic
16,Penyebab,belum diketahui
16,Tindakan,pengobatan
16,Tindakan,mengatasi keluhan-keluhan yang ada
16,Tindakan,menghindari hal-hal tersebut
16,Penyakit,prurigo
16,Tindakan,pengobatan
16,Objek,steroid
16,Objek,topikal
16,Tindakan,injeksi pada lesi
16,Objek,antihistamin
16,Objek,obat antidepresi
16,Tindakan,pilih sabun mandi yang mengandung banyak moisturizer dengan sedikit busa
16,Tindakan,gunakan pelembab
16,Tindakan,hindari penggunaan sabun mandi yang mengandung antiseptic
16,Outcome,kulit semakin kering
16,Tindakan,jagalah daerah yang gatal
16,Tindakan,garukan
16,Tindakan,gesekan
16,Tindakan,menggunakan pakaian yang dapat menutupi lengan dan tungkainya
16,Penyakit,bekas luka
16,Prakondisi,menghilang secara perlahan
16,Tindakan,pengolesan steroid
16,Kapan,satu kali pada malam hari
16,Outcome,menghilangkan bekas luka
16,Tindakan,menjaga kesehatan kulit
16,Penyakit,prurigo
16,Artikel,artikel lain
16,Referensi,cara alami menyembuhkan luka dengan cepat
16,Referensi,ketahui penyebab luka sulit sembuh
16,Penutup,terima kasih
16,Penutup,harapan
17,Pasien,wanita dewasa
17,Usia pasien,20
17,Periode,sejak 2016
17,Tindakan,cobain pakai salah satu merk lipstip
17,Gejala,makan mie ngerasa gatelâ€
17,Gejala,bibir bengkak ada bentolâ€
17,Gejala,bibirnya kaku
17,Gejala,sesek napas
17,Tindakan,konsul juga dengan salah satu dokter di daerah Jakarta
17,Outcome,alergi sm mie
17,Gejala,makan mie pasti timbul gejala yang sama
17,Periode,beberapa hari
17,Gejala,bengkak
17,Gejala,kaku dibibir
17,Periode,beberapa minggu
17,Periode,4 tahun
17,Tindakan,ngga pernah makan mie
17,Pertanyaan,kandungan apa dari mie yang sebenernya membuat saya akhirnya timbul gejalaâ€ tersebut
17,Penutup,terima kasih
17,Pembuka,terima kasih
17,Pembuka,simpati
17,Penyakit,alergi
17,Tindakan,tes alergi
17,Outcome,menentukan penyebab alergi
17,Prakondisi,dilakukan wawancara yang teliti mengenai timbulnya alergi pada anak Anda
17,Tindakan,tes tusuk kulit
17,Tindakan,memeriksa alergi terhadap alergen yang dihirup
17,Objek,debu
17,Objek,susu
17,Objek,33 jenis alergen
17,Tindakan,prosedur
17,Prakondisi,usia anak minimal 3 tahun
17,Prakondisi,sehat
17,Prakondisi,tidak baru meminum obat yang mengandung antihistamin
17,Periode,3-7 hari
17,Tindakan,tes dilakukan di kulit lengan bawah sisi dalam
17,Tindakan,kulit diberi alat khusus
17,Objek,ekstrak alergen
17,Tindakan,diletakkan di atas kulit
17,Tindakan,diteteskan
17,Tindakan,ekstrak alergen berupa bahan-bahan alami
17,Objek,berbagai jenis makanan
17,Objek,tepung sari
17,Tindakan,tidak menggunakan jarum suntik biasa
17,Objek,jarum khusus
17,Outcome,tidak mengeluarkan darah atau luka
17,Outcome,tidak menyakitkan
17,Tindakan,hasil tes
17,Periode,15 menit
17,Prakondisi,positif alergi
17,Outcome,timbul bentol merah yang gatal di kulit
17,Tindakan,tes ini harus dilakukan oleh dokter yang betul-betul ahli di bidang alergi-imunologi
17,Tindakan,tehnik dan interpretasi
17,Penutup,demikian
17,Penutup,harapan
18,Pasien,wanita remaja
18,Usia pasien,18 tahun
18,Penyebab,terkena cacar dan sudah sembuh
18,Penyakit,bekas cacar yang tersisa
18,Pertanyaan,apakah ada obat atau salep
18,Outcome,menghilangkan bekas cacar yang tersisa
18,Pembuka,terima kasih
18,Tindakan,tindakan medis
18,Tindakan,menghilangkan bekas cacar air
18,Prakondisi,berkonsultasi dengan dokter
18,Tindakan,filler
18,Tindakan,filler
18,Outcome,menambah bentuk pada kulit yang terdapat bekas
18,Tindakan,metode
18,Tindakan,penangangan bekas luka yang dalam
18,Tindakan,menyuntikkan bahan filler
18,Objek,lemak
18,Objek,asam hialuronat
18,Tindakan,mengisinya
18,Tindakan,bahan filler
18,Outcome,hancur
18,Tindakan,mengulang suntik filler
18,Kapan,setiap enam bulan berikutnya
18,Tindakan,dermabrasi
18,Tindakan,mikrodermabrasi
18,Tindakan,teknik
18,Outcome,memperbaiki kulit
18,Penyebab,bekas luka
18,Tindakan,mikrodermabrasi
18,Tindakan,mengeluarkan
18,Objek,partikel zink oksida
18,Objek,sodium bikarbonat
18,Outcome,melonggarkan dan melenyapkan bekas luka
18,Tindakan,alat
18,Tindakan,menyikat area bekas luka
18,Tindakan,menggunakan vakum
18,Tindakan,membuang sisa perawatan pada kulit
18,Tindakan,dermabrasi
18,Objek,sikat yang dapat berputar secara cepat
18,Tindakan,membuang lapisan kulit atas
18,Tindakan,area bekas luka yang lebih dalam
18,Tindakan,chemical peeling
18,Tindakan,dermabrasi
18,Tindakan,peeling kimiawi
18,Tindakan,membuang lapisan kulit mati paling atas
18,Tindakan,menggunakan bahan kimia
18,Tindakan,menghancurkannya
18,Tindakan,metode
18,Objek,bahan asam yang kuat
18,Prakondisi,lapisan kulit bawah yang baru dapat naik
18,Outcome,kulit tampak lebih cerah
18,Outcome,bekas luka tak terlihat kembali
18,Outcome,kulit akan lebih sensitif
18,Outcome,tampak mengelupas
18,Periode,selama beberapa hari
18,Tindakan,chemical peeling
18,Tindakan,microneedling
18,Tindakan,memberikan obat bius oles
18,Tindakan,microneedling
18,Objek,alat kecil yang memiliki banyak jarum sangat kecil
18,Tindakan,di-roll berulang kali pada area yang perlu ditusuk
18,Tindakan,jarum akan menstimulasi sel kulit
18,Outcome,membentuk kolagen
18,Outcome,kulit akan tampak lebih mulus
18,Tindakan,microneedling
18,Kapan,beberapa kali
18,Tindakan,terapi laser
18,Tindakan,terapi laser
18,Outcome,membantu menghilangkan bekas luka cacar
18,Tindakan,sinar energi tinggi
18,Outcome,mengurangi tampilan bekas luka
18,Prakondisi,kulit Anda berwarna gelap
18,Tindakan,hati-hati bila ingin memlilih laser
18,Tindakan,tindakan ini
18,Outcome,hipopigmentasi
18,Tindakan,memastikan kondisi kulit
18,Tindakan,pilihan terapi terbaik
18,Tindakan,konsul dengan Dokter Spesialis Kulit dan Kelamin
18,Tindakan,dianalisa
18,Prakondisi,kedalaman bekas kehitaman
18,Prakondisi,jenis kulit
18,Prakondisi,reaksi alergi
18,Tindakan,dipilihkan jenis krim
18,Prakondisi,sesuai untuk kondisi kulit Anda
18,Tindakan,harga dari setiap tindakan pun sangat bervariasi pada setiap lokasi dilakukannya perawatan
18,Penutup,demikian
18,Penutup,harapan
19,Pasien,pria remaja
19,Usia pasien,19 tahun
19,Penyakit,jerawat
19,Pertanyaan,cara menghilangkan jerawat
19,Tindakan,sudah hilang
19,Outcome,tumbuh kembali
19,Outcome,di tempat yang sama
19,Pembuka,terima kasih
19,Penyakit,jerawat
19,Penyebab,belum diketahui
19,Penyebab,berbagai faktor
19,Penyebab,stress
19,Penyebab,faktor hormonal
19,Penyakit,jerawat
19,Penyebab,meningkatnya produksi hormon testosteron
19,Penyebab,hormon testosteron
19,Outcome,jerawat
19,Tindakan,merangsang kelenjar minyak (sebaceous gland)
19,Outcome,memproduksi minyak kulit (sebum) secara berlebihan
19,Penyebab,kelenjar minyak yang terlalu aktif
19,Penyebab,keturunan dari orangtua
19,Penyebab,bakteri di pori-pori kulit
19,Penyakit,jerawat
19,Penyakit,jerawat
19,Outcome,menghilangkan jerawat
19,Tindakan,rajin mencuci muka
19,Kapan,2x sehari
19,Objek,sabun yang tidak banyak menghasilkan busa
19,Tindakan,diet rendah lemak dan karbohidrati
19,Tindakan,hidup teratur
19,Tindakan,olahraga
19,Kapan,3x/minggu
19,Periode,30 menit
19,Tindakan,hindari stress
19,Tindakan,gunakan kosmetik secukupnya
19,Tindakan,hindari kosmetik berbahan dasar minyak
19,Objek,foundation
19,Tindakan,hindari hal yang dapat memacu kelenjar minyak
19,Objek,alkohol
19,Tindakan,hindari polusi udara
19,Tindakan,hindari pemencetan jerawat
19,Outcome,memperberat erupsi
19,Gejala,kulit berminyak
19,Penyakit,jerawat
19,Prakondisi,pengendalian pola makan
19,Prakondisi,kebiasaan membersihkan wajah
19,Prakondisi,pengendalian stress
19,Tindakan,pengobatan jerawat
19,Outcome,mengurangi produksi minyak
19,Outcome,melawan infeksi bakteri
19,Outcome,mempercepat pergantian sel kulit
19,Outcome,mengurangi peradangan
19,Objek,obat-obatan jerawat
19,Periode,4-6 minggu pertama
19,Tindakan,pengobatan luar
19,Objek,obat-obatan minum
19,Tindakan,obat yang digunakan
19,Objek,retinoic acid
19,Penyakit,jerawat di daerah punggung
19,Objek,lotion yang mengandung sulfur
19,Tindakan,kasus yang berat
19,Objek,isotretinoin orak dan antibiotic oral
19,Outcome,iritasi
19,Outcome,efek samping
19,Tindakan,penggunannya harus berada di bawah pengawasan dokter
19,Tindakan,pengobatan jerawat
19,Prakondisi,derajat keparahan jerawat
19,Tindakan,mengunjungi dokter spesialis kulit dan kelamin
19,Prakondisi,analisa faktor-faktor yang menyebabkan jerawat
19,Penutup,demikian
19,Penutup,harapan
40,Pasien,Wanita
40,Usia pasien,20 tahun
40,Gejala,bekas luka berubah menjadi putih
40,Pertanyaan,cara menghilangkan
40,Pembuka,salam
40,Tindakan,gunakan krim
40,Tindakan,gunakan chemical peeling
40,Objek,chemical peeling
40,Tindakan,gunakan mikrodermabrasi
40,Tindakan,gunakan laser
40,Outcome,"menyamarkan, menipiskan, menghilangkan bekas luka"
40,Tindakan,gunakan krim
40,Objek,krim hidrokuinon 2%
40,Prakondisi,bekas luka masih baru
40,Prakondisi,bekas luka tidak dalam
40,Prakondisi,diaplikasikan pada bekas luka
40,Kapan,malam hari
40,Tindakan,gunakan krim
40,Objek,chemical peeling
40,Objek,mikrodermabrasi
40,Objek,laser
40,Prakondisi,bekas luka lama
40,Prakondisi,dilakukan oleh dokter pengalaman
40,Tindakan,mengunjungi dokter spesialis kulit dan kelamin
40,Outcome,pemeriksaan fisik langsung
40,Penutup,terima kasih
40,Penutup,promosi
40,Penutup,harapan
41,Pasien,pria
41,Usia pasien,27 tahun
41,Gejala,telinga gatal
41,Gejala,luka melebar
41,Periode,beberapa hari
41,Pertanyaan,apakah membahayakan
41,Gejala,gatal
41,Penyebab,dermatitis
41,Penyebab,infeksi jamur
41,Penyebab,pityriasis rosea
41,Penyebab,psoriasis
41,Penyakit,dermatitis
41,Penyebab,faktor eksternal
41,Penyebab,bahan kimia
41,Penyebab,sinar matahari
41,Penyebab,makanan
41,Penyakit,Dermatitis atopi
41,Penyebab,alergi
41,Prakondisi,kulit kering
41,Penyakit,infeksi jamur
41,Gejala,gatal
41,Gejala,kulti merah
41,Gejala,rasa terbakar
41,Gejala,luka
41,Gejala,jerawat
41,Gejala,penebalan kulit
41,Tindakan,menghindari daerah lembab
41,Tindakan,mengeringkan daerah gatal
41,Tindakan,gunakan baju menyerap keringat
41,Tindakan,tidak berbagai handuk atau baju
41,Penyakit,dermatitis seborrhoeic
41,Penyebab,keringat
41,Gejala,gatal pada daerah berkeringat
41,Penyebab,jamur
41,Penyebab,kekurangan vitamin
41,Penyebab,genetis
41,Penyebab,hormonal
41,Tindakan,konsulstasi dokter kulit dan kelamin
41,Tindakan,pemeriksaan fisik langsung
41,Outcome,penangangan optimal
41,Penutup,demikian
42,Pasien,wanita
42,Usia pasien,19 tahun
42,Penyakit,break out
42,Gejala,tumbuh jerawat di pipi
42,Gejala,muncul bopeng
42,Gejala,jerawat sakit
42,Gejala,jerawat berbekas
42,Kapan,September 2020
42,Kapan,april
42,Pertanyaan,mengatasi jerawat dan bekasnya
42,Pembuka,terima kasih
42,Penyebab,stres
42,Penyebab,hormonal
42,Penyebab,hormon testosteron naik
42,Penyebab,kelenjar minyak terlalu aktif
42,Penyebab,bakteri pori pori
42,Tindakan,menucuci muka
42,Periode,2 kali sehari
42,Objek,sabun tidak banyak busa
42,Tindakan,diet rendah lemak dan karbohidrat
42,Tindakan,menjauhi gula
42,Tindakan,olahraga
42,Periode,3 kali seminggu
42,Periode,30 menit
42,Tindakan,menggunakan kosmetik secukupnya
42,Tindakan,menghindari kosemtik
42,Objek,kosmetik berbahan dasar minyak
42,Objek,foundation
42,Objek,bb cream
42,Objek,bedak padat
42,Tindakan,menghindari hal yang memicu produksi minyak
42,Objek,alkohol
42,Objek,makanan pedas
42,Objek,rokok
42,Tindakan,menghindari polusi udara
42,Tindakan,menghindari memecah jerawat
42,Outcome,mengatasi jerawat
42,Tindakan,bersabar selamat proses pengendalian
42,Objek,pola makan
42,Objek,rutinitas membersihkan wajah
42,Objek,pengendalian stress
42,Tindakan,menggunakan produk pengobatan jerawat
42,Periode,4-6 minggu
42,Objek,retionoic acid
42,Objek,benzoil perioksida
42,Objek,antibiotic topikal
42,Objek,antibiotic oles
42,Tindakan,menggunakan lotion
42,Objek,jerawat punggung
42,Objek,lotion dengan sulfur
42,Tindakan,menggunakan isotretinoin oral
42,Tindakan,menggunakan antibiotik oral
42,Prakondisi,kasus jerawat berat
42,Prakondisi,dengan pengawasan dokter
42,Tindakan,tidak berganti-ganti dokter
42,Tindakan,menggunakan hidrokuinon 2% pada bekas jerawat
42,Prakondisi,bergantung luas dan kedalamn bekas jerawat
42,Outcome,mengilangkan bekas jerawat
42,Tindakan,menggunakan retionoic acid
42,Kapan,pada malam hari
42,Periode,setiap hari
42,Outcome,menghilangkan komedo
42,Outcome,menghilangkan jerawat
42,Outcome,menghilangkan bekas jerawat
42,Outcome,mengecilkan pori-pori
42,Outcome,mencerahkan kulit
42,Outcome,jerawat dapat muncul awal penggunaan
42,Outcome,kulit menjadi merah
42,Outcome,kulti mengelupas
42,Outcome,mencerahkan kulit
42,Periode,3 bulan
42,Tindakan,hindari paparan sinar matahari
42,Prakondisi,menggunakan retionoic acid
42,Objek,sunblock SPF 30
42,Tindakan,memilih sunblock non-comedogenic
42,Outcome,menghindari komedo muncul
42,Tindakan,gunakan krim malam
42,Tindakan,gunakan chemical peeling
42,Tindakan,mikrodermabradasi
42,Outcome,menghilangkan bekas jerawat
42,Outcome,mempercepat regenerasi kulti
42,Outcome,menumbuhkan sel-sel kulit baru
42,Tindakan,kunjungi dokter spesialis kulit dan kelamin
42,Outcome,mendapatkan hasil analisa kulit
42,Outcome,mendapatkan rekomendasai produk
42,Penutup,anjuran
42,Penutup,sekian
42,Penutup,salam
43,Pasien,wanita
43,Usia pasien,24 tahun
43,Gejala,muncul rambut halus seperti komedo
43,Pertanyaan,apa Namanya
43,Pembuka,salam
43,Pembuka,simpati
43,Gejala,rambut halus tumbuh
43,Penyebab,hormon testosterone tinggi
43,Gejala,komedo terlihat seperti whitehead
43,Penyebab,ujung rambut terdapat folikel akar rambut yang putih
43,Gejala,komedo muncul
43,Penyebab,"sumbatan pori-pori oleh sebum, dan kotoran"
43,Tindakan,jaga kebersihan
43,Outcome,pori-pori tidak tersumbat
43,Outcome,tidak muncul komedo
43,Outcome,tidak muncul komedo
43,Penutup,sekian
43,Penutup,salam
44,Pasien,pria
44,Usia pasien,22 tahun
44,Penyakit,break out
44,Gejala,jerawat sulit hilang
44,Gejala,jerawat sering muncul
44,Pertanyaan,mengatasi jerawat
44,Pertanyaan,apa obat jerawat ampuh
44,Pembuka,salam
44,Pembuka,simpati
44,Penyebab,stres
44,Penyebab,hormonal
44,Penyebab,hormon testosteron naik
44,Penyebab,kelenjar minyak terlalu aktif
44,Penyebab,bakteri pori pori
44,Tindakan,menucuci muka
44,Periode,2 kali sehari
44,Objek,sabun tidak banyak busa
44,Tindakan,diet rendah lemak dan karbohidrat
44,Tindakan,menjauhi gula
44,Tindakan,olahraga
44,Periode,3 kali seminggu
44,Periode,30 menit
44,Tindakan,menggunakan kosmetik secukupnya
44,Tindakan,menghindari kosemtik
44,Objek,kosmetik berbahan dasar minyak
44,Objek,foundation
44,Objek,bb cream
44,Objek,bedak padat
44,Tindakan,menghindari hal yang memicu produksi minyak
44,Objek,alkohol
44,Objek,makanan pedas
44,Objek,rokok
44,Tindakan,menghindari polusi udara
44,Tindakan,menghindari memecah jerawat
44,Outcome,mengatasi jerawat
44,Tindakan,bersabar selamat proses pengendalian
44,Objek,pola makan
44,Objek,rutinitas membersihkan wajah
44,Objek,pengendalian stress
44,Tindakan,menggunakan produk pengobatan jerawat
44,Periode,4-6 minggu
44,Objek,retionoic acid
44,Objek,benzoil perioksida
44,Objek,antibiotic topikal
44,Objek,antibiotic oles
44,Tindakan,menggunakan lotion
44,Objek,jerawat punggung
44,Objek,lotion dengan sulfur
44,Tindakan,menggunakan isotretinoin oral
44,Tindakan,menggunakan antibiotik oral
44,Prakondisi,kasus jerawat berat
44,Prakondisi,dengan pengawasan dokter
44,Tindakan,tidak berganti-ganti dokter
44,Outcome,menghindari mengulangi perawatan
44,Penutup,anjuran
44,Tindakan,mengunjungi dokter spesialis kulit dan kelamin
44,Outcome,mendapatkan terapi sesuai kondisi kulit
44,Penutup,terima kasih
44,Penutup,promosi
44,Penutup,harapan
45,Pasien,pria
45,Usia pasien,22 tahun
45,Gejala,gatal seluruh tubuh
45,Gejala,kaki dan tangan memerah
45,Gejala,bengkak
45,Gejala,muncul bintik merah
45,Penyebab,terkena sinar matahari / panas
45,Pertanyaan,penyakit apa
45,Pembuka,salam
45,Pembuka,simpati
45,Gejala,gatal
45,Tindakan,periksa fisik langsung
45,Outcome,mendapatkan diagnose paling akurat
45,Penyebab,kontak dengan alergan
45,Penyebab,"faktor fisik (panas, dingin, cahaya)"
45,Penyebab,level stress
45,Penyebab,faktor psikologi
45,Penyebab,faktor hormone
45,Penyebab,alergi makanan
45,Penyebab,alergi obat
45,Penyebab,infeksi
45,Penyakit,tonsilitis
45,Penyakit,sinusitis
45,Penyebab,kekurangan zat besi
45,Penyebab,dermatitis atopic turunan
45,Penyebab,asma turunan
45,Penyebab,alergi turunan
45,Tindakan,menggunakan sabun bayi
45,Outcome,melembabkan kulit
45,Tindakan,menggunakan pelembab pada tangan
45,Outcome,melembabkan tangan
45,Tindakan,menghindari sabutn antiseptic
45,Outcome,mendhindari kulit kering
45,Tindakan,menghindari gesekan dan garukan pada area gatal
45,Tindakan,gunakan pakaian menutup lengan
45,Tindakan,gunakan pakaian menyerap keringat
45,Tindakan,menghindari materi pemicu gatal
45,Objek,materi wool
45,Tindakan,konsumsi antihistamin
45,Prakondisi,dengan resep dokter
45,Tindakan,menaburi bedak
45,Objek,bedak menthol / asam salisilat dosis rendah
45,Outcome,mengurangi rasa gatal
45,Tindakan,periksa ke dokter spesialis kulit dan kelamin
45,Outcome,mendapatkan terapi paling sesuai
45,Penutup,anjuran
45,Penutup,sekian
45,Penutup,harapan
46,Pasien,pria
46,Usia pasien,21 tahun
46,Gejala,tiba tiba muncul ruam di tangan kanan
46,Gejala,ruam sakit apabila disentuh
46,Pertanyaan,penyebabnya apa
46,Pembuka,terima kasih
46,Pembuka,simpati
46,Penyebab,tergaruk tidak sengaja
46,Penyebab,lecet
46,Penyebab,kontrak dengan alergan
46,Penyebab,infeksi jamur
46,Penyebab,dermatitis atopic
46,Penyebab,psoriasis
46,Penyebab,bekas luka
46,Penyebab,gigitan serangga
46,Penyebab,kulit kering
46,Penyebab,skabies
46,Tindakan,periksa ke dokter kulit
46,Outcome,mendapatkan diagnosis yang tepat
46,Tindakan,mengoleskan betadine
46,Prakondisi,terdapat luka
46,Objek,betadine
46,Tindakan,hindari menggaruk atau menyentuh bagian gatal
46,Outcome,menghindari infeksi
46,Penutup,anjuran
46,Penutup,sekian
46,Penutup,salam
47,Pasien,anak
47,Gejala,gatal di seluruh tubuh
47,Gejala,kemerahan
47,Gejala,ber air
47,Periode,3 tahun
47,Pertanyaan,penyebabnya apa
47,Pertanyaan,perlukah tes darah
47,Pertanyaan,perlukah tes alergi
47,Pembuka,terima kasih
47,Pembuka,simpati
47,Penyakit,campak
47,Penyakit,campak jerman
47,Penyakit,roseola
47,Penyebab,infeksi virus
47,Gejala,demam
47,Gejala,batuk
47,Gejala,pilek
47,Penyakit,dermatitis atopik
47,Penyebab,alergi
47,Penyebab,genetik
47,Gejala,rasa gatal
47,Penyebab,alergen makanan
47,Objek,susu sapi
47,Objek,produk olahan susu sapi
47,Objek,makanan laut
47,Objek,kacang-kacangan
47,Objek,telur
47,Penyebab,alergen hirup
47,Objek,tungau
47,Objek,debu rumah
47,Objek,bulu binatang
47,Penyebab,infeksi Staphylococcus aureus
47,Penyebab,infeksi virus
47,Penyebab,infeksi jamur
47,Penyebab,stres
47,Penyebab,perubahan suhu
47,Penyebab,perubahan kelembapan
47,Penyebab,infeksi bakteri
47,Penyebab,kontak dengan materi iritan
47,Tindakan,melakukan pemeriksaan alergi
47,Objek,skin prick test
47,Objek,tes darah
47,Outcome,mendeteksi antibody dan rekasi alergi
47,Penutup,anjuran
47,Penutup,sekian
47,Penutup,harapan
48,Pasien,Wanita
48,Usia pasien,24 tahun
48,Pertanyaan,cara memutihkan kulit
48,Penyebab,genetik
48,Objek,melanin
48,Penyebab,paparan sinar matahari
48,Tindakan,tidak disarankan pemutihan badan
48,Outcome,tidak menghambat aktivitas melanin
48,Outcome,tidak mempengaruhi kemampuan melindungi kulit
48,Tindakan,menghindari kulit kusam
48,Outcome,kulit terlihat sehat dan cerah
48,Tindakan,mandi rutin
48,Tindakan,bersihkan wajah dengan pembersih
48,Prakondisi,pembersih sesuai jenis kulit
48,Kapan,setelah beraktivitas
48,Kapan,sebelum tidur
48,Tindakan,menggunakan serum
48,Objek,serum
48,Tindakan,menggunakan pelembab
48,Objek,pelembab
48,Objek,vitamin c
48,Kapan,pagi hari
48,Tindakan,menggunakan tabir surya
48,Objek,tabir surya SPF minimal 30
48,Prakondisi,setelah menggunakan serum
48,Prakondisi,setelah menggunakan pelembab
48,Periode,tiap dua jam
48,Tindakan,gunakan krim malam
48,Outcome,mencerahkan kulit
48,Objek,hidrokuinon
48,Objek,retinoic acid
48,Objek,kojic acid
48,Tindakan,minum air putih
48,Objek,air putih 1.5 liter
48,Periode,tiap hari
48,Tindakan,pehatikan keseimbangan nutrisi harisan
48,Penutup,sekian
48,Penutup,salam
49,Pasien,wanita
49,Usia pasien,20 tahun
49,Penyakit,alergi
49,Gejala,bintik merah di lengan
49,Gejala,bintik tidak gatal
49,Periode,2 hari
49,Tindakan,minum obat anti alergi
49,Outcome,tidak ada perubahan
49,Pertanyaan,apakah membahayakan
49,Pertanyaan,apakah terinfeksi
49,Pembuka,salam
49,Pembuka,simpati
49,Gejala,bintik merah
49,Penyebab,alergi
49,Penyebab,infeksi jamur
49,Penyebab,infeksi virus
49,Penyebab,infeksi bakteri
49,Penyebab,infeksi parasit
49,Tindakan,pengobatan disesuaikan diagnosa
49,Penyakit,alergi
49,Tindakan,mengetahui kapan muncul
49,Tindakan,menghindari dan mencegah penyebab
49,Pertanyaan,obat yang menyebabkan
49,Tindakan,diagnosis langsung
49,Tindakan,mengunjungi dokter spesialis kulit dan kelamin
49,Outcome,pemeriksaan fisik langsung
49,Outcome,penanganan optimal
49,Penutup,terima kasih
49,Penutup,penwaran konsultasi lagi
49,Penutup,harapan
50,Pasien,anak
50,Usia pasien,9 tahun
50,Penyakit,campak
50,Gejala,badan panas tidak turun
50,Gejala,bintik kemerahan
50,Pertanyaan,kenapa
50,Pertanyaan,obatnya apa
50,Pembuka,terima kasih
50,Pembuka,simpati
50,Penyakit,biang keringat
50,Penyakit,alergi
50,Penyakit,campak jerman
50,Penyakit,rubella
50,Penyakit,campak 3 hari
50,Gejala,timbul bercak-bercak merah
50,Gejala,ruam yang gatal
50,Tindakan,konsulatsi ke dokter
50,Outcome,penanganan yang lebih tepat
50,Penyakit,demam berdarah
50,Gejala,bercak merah
50,Penyakit,demam dengue
50,Penyakit,demam berdarah dengue
50,Gejala,demam mendadak tingi
50,Periode,2-7 hari
50,Gejala,mual
50,Gejala,muntah
50,Gejala,nyeri pada sendi
50,Gejala,neyi kepala
50,Gejala,penurunan nafsu makan
50,Gejala,muncul bintik merrah
50,Gejala,pendarahan di gusi atau gigi
50,Penutup,anjuran
50,Tindakan,konsultasi dengan dokter
50,Outcome,mendapatkan penanganan yang optimal
50,Penutup,sekian
50,Penutup,salam
51,Pasien,anak
51,Usia pasien,1 tahun
51,Penyakit,demam
51,Penyebab,imunisasi campak
51,Tindakan,minum obat
51,Outcome,demam turun ketika minum obat saja
51,Gejala,demam kembali setelah obat habis
51,Pertanyaan,bagaimana
51,Pembuka,terima kasih
51,Pembuka,simpati
51,Gejala,demam tidak tinggi
51,Gejala,erupsi kulit halus
51,Gejala,pembekangkan kelenjar getah bening belakang telinga
51,Gejala,berikan menium lebih banyak
51,Objek,ASI
51,Objek,air buah
51,Tindakan,gunakan pakaian tipis
51,Prakondisi,apabila demam
51,Tindakan,kompres air dingin lokasi bekas suntikan
51,Tindakan,berikan parasetamol
51,Objek,parasetamol 15mg/kgbb
51,Tindakan,bawa ke dokter
51,Prakondisi,apabila gejala berat
51,Penutup,sekian
51,Penutup,harapan
51,Penutup,harapan
52,Pasien,anak
52,Usia pasien,9 bulan
52,Penyebab,imunisasi campak
52,Gejala,batuk dan pilek
52,Pertanyaan,apakah dapat menyebabkan
52,Pembuka,terima kasih
52,Gejala,demam tidak tinggi
52,Gejala,erupsi kulit halus
52,Gejala,pembekangkan kelenjar getah bening belakang telinga
52,Gejala,berikan menium lebih banyak
52,Objek,ASI
52,Objek,air buah
52,Tindakan,gunakan pakaian tipis
52,Prakondisi,apabila demam
52,Tindakan,kompres air dingin lokasi bekas suntikan
52,Tindakan,berikan parasetamol
52,Objek,parasetamol 15mg/kgbb
52,Tindakan,bawa ke dokter
52,Prakondisi,apabila gejala berat
52,Gejala,batuk pilek
52,Penyebab,infeksi virus
52,Penyebab,daya tahan tubuh turun
52,Penutup,sekian
52,Penutup,harapan
53,Pasien,anak
53,Usia pasien,3 tahun
53,Prakondisi,belum imunisasi campak
53,Pertanyaan,bagaimana pengaruh imunisasi campak terlambat
53,Pembuka,terima kasih
53,Penyakit,campak
53,Objek,paramyxovirus
53,Gejala,demam
53,Gejala,batuk
53,Gejala,pilek
53,Gejala,mata merah dan berair
53,Gejala,muncul ruam
53,Tindakan,segera lakukan imunisasi campak setelah anak 9 bulan
53,Outcome,supaya tidak terinfeksi campak
53,Penutup,sekian
53,Penutup,harapan
53,Penutup,salam
54,Pasien,anak
54,Usia pasien,15 bulan
54,Penyakit,Campak
54,Gejala,demam tanpa batuk dan pilek
54,Tindakan,mengunjungi dokter spesialis anak
54,Outcome,didiagnosa radang tenggorokan
54,Gejala,"muncul ruam di pipi, leher, badan dan punggung"
54,Pertanyaan,apakah terkena campak
54,Pertanyaan,apakah perlu dibawa ke dokter lagi
54,Pembuka,terima kasih
54,Pembuka,simpati
54,Penyakit,campak
54,Gejala,demam
54,Gejala,batuk
54,Gejala,pilek
54,Gejala,demam tinggi
54,Gejala,gangguan saluran pernapasan
54,Gejala,batuk
54,Gejala,hidung berair
54,Gejala,mata kemerahan dan berair
54,Gejala,bercak putih di rongga mulut
54,Gejala,ruam kemerahan pada bagian wajah dan leher
54,Gejala,"ruam kemerahan pada badan punggung, tangan, dan kaki"
54,Gejala,ruam bersifat gatal
54,Tindakan,berikan infus
54,Prakondisi,didiagnosa mengalami dehidrasi berat
54,Tindakan,berikan obat antipiretik
54,Objek,obat antipiretik
54,Outcome,"mengurangi gejala demam, pilek, hidung tersumbat"
54,Tindakan,berikan suplemen vitamin a
54,Objek,suplemen vitamin
54,Tindakan,mandi seperti biasa menggunakan air hangat atau biasa
54,Outcome,mengurangi rasa gatal
54,Tindakan,hindari menggosok handuk terlalu keras setelah mandi
54,Penutup,anjuran
54,Tindakan,konsultasi lebih lanjut ke dokter
54,Penutup,sekian
54,Penutup,harapan
55,Pasien,anak
55,Usia pasien,3.5 bulan
55,Penyakit,campak berulang
55,Gejala,terinfeksi campak berkali kali
55,Gejala,timbul ruam sekujur tubuh
55,Tindakan,mengunjungi dokter spesialis anak
55,Outcome,didiagnosa campak
55,Pertanyaan,bagaimana bisa terinfeksi campak berkali kali
55,Pertanyaan,apakah membahayakan
55,Pembuka,terima kasih
55,Penyakit,campak
55,Penyebab,virus campak
55,Prakondisi,sudah imunisasi campak
55,Prakondisi,turun kekebalan tubuh
55,Penyebab,infeksi virus
55,Tindakan,menambahkan makanan bergizi
55,Tindakan,memastikan istirahat cukup
55,Outcome,menaikan kekebalan tubuh
55,Penutup,sekian
55,Penutup,harapan
55,Penutup,salam
56,Pasien,anak
56,Usia pasien,10 tahun
56,Penyakit,ruam campak
56,Gejala,muncul ruam merah
56,Gejala,demam
56,Prakondisi,terdiagnosa campak
56,Pertanyaan,bagaimana penangannanya
56,Pembuka,terima kasih
56,Penyakit,campak
56,Gejala,panas badan
56,Gejala,nyeri tenggorokan
56,Gejala,hidung meler
56,Gejala,batuk
56,Gejala,bercak kolpik
56,Gejala,nyeri otot
56,Gejala,mata merah
56,Gejala,muncul bintik putih pada mulut bagiaN DALAM
56,Gejala,muncul ruam merah gatal
56,Gejala,demam panas tinggi
56,Gejala,kecapaian
56,Gejala,pilek
56,Gejala,batuk
56,Tindakan,perhatikan demam panas tinggi
56,Kapan,ketika ruam mulai muncul
56,Tindakan,mengunjungi dokster spesialis anak
56,Outcome,mendapatkan diagnosis yang sesuai
56,Penutup,anjuran
56,Penutup,sekian
56,Penutup,harapan
56,Penutup,salam
57,Pasien,pria
57,Usia pasien,38 tahun
57,Penyakit,rubella
57,Gejala,bercak bercak merah
57,Periode,3 hari
57,Pertanyaan,obat apa
57,Pertanyaan,pantangan makanan apa
57,Penyakit,rubella
57,Penyebab,infeksi virus rubella
57,Penyebab,infeksi melalui udara
57,Tindakan,diagnosa rubella secara klinis
57,Tindakan,diagnosa rubella melalui pemeriksaan lab
57,Outcome,mendapatkan diagnosa akurat
57,Penutup,sekian
57,Penutup,harapan
57,Penutup,salam
58,Pasien,pria
58,Usia pasien,20 tahun
58,Gejala,pipi bengkak
58,Gejala,mata bengkak
58,Gejala,panas dingin
58,Gejala,pusing
58,Gejala,pegal
58,Gejala,mata sakit
58,Pembuka,terima kasih
58,Pembuka,simpati
58,Penyakit,bengkak
58,Penyebab,alergi obat
58,Penyebab,alergi makanan
58,Tindakan,identifikasi obat atau makanan yang dikonsumsi
58,Outcome,mengetahui alergan yang menyebabkan
58,Tindakan,mengunjungi dokter
58,Outcome,mendapatkan diagnose yang tepat
58,Penutup,anjuran
58,Penutup,sekian
58,Penutup,salam
59,Pasien,anak
59,Usia pasien,11 bulan
59,Penyakit,campak
59,Pertanyaan,apakah terkena campak
59,Pembuka,terima kasih
59,Penyakit,campak
59,Gejala,demam tinggi
59,Gejala,batuk
59,Gejala,pilek
59,Gejala,mata merah
59,Gejala,silau akibat cahaya
59,Gejala,diare
59,Gejala,muncul bintik kemerahan
59,Gejala,bintik terasa gatal
59,Gejala,bintik menghitam
59,Penyebab,virus campak
59,Tindakan,melakukan istirahat total
59,Outcome,mempercepat penyembuhan penyakit
59,Tindakan,memberikan obat-obat simtomatik
59,Objek,paracetamol
59,Objek,ibuprofen
59,Objek,obh
59,Objek,ctm
59,Objek,efedrin
59,Outcome,meredakan gejala penyakit
59,Tindakan,konsumsi vitamin c
59,Objek,vitamin c
59,Tindakan,memberikan cairan yang cukup
59,Outcome,mencegah dehidrasi
59,Tindakan,kunjungi dokter terdekat
59,Prakondisi,apabila gejala berat berkepanjangan
59,Outcome,mendapatkan penanganan lebih lanjut
59,Tindakan,kunjungi dokter spesialis anak
59,Outcome,mendapatkan penanganan lebih lanjut
59,Outcome,mendapatkan pengobatan paling sesuai
59,Penutup,sekian
59,Penutup,harapan
59,Penutup,salam
20,Pasien,wanita
20,Usia pasien,12 tahun
20,Gejala,seperti kadas di kaki
20,Gejala,tidak gatal
20,Gejala,melingkar
20,Gejala,berwarna merah jika digaruk
20,Gejala,bersisik
20,Penyakit,kadas
20,Pertanyaan,apakah menular
20,Pertanyaan,cara mengobati
20,Pembuka,salam
20,Pembuka,perkenalan
20,Pembuka,simpati
20,Pertanyaan,berapa keluhan
20,Gejala,ada lingkaran pada lokasi lain di tubuh
20,Gejala,kulit tampak menebal
20,Gejala,kulit lebih tinggi dari kulit sekitarnya
20,Gejala,permukaannya pecah-pecah
20,Penyakit,psoriasis
20,Penyakit,psoriasis
20,Gejala,pergantian kulit terlau cepat
20,Gejala,terkadang hilang timbul
20,Penyakit,psoriasis
20,Outcome,tidak berbahaya
20,Prakondisi,tidak dirawat engan baik
20,Outcome,menurunkan kualitas hidup
20,Outcome,menurunkan percaya diri
20,Penyebab,tidak menular
20,Penyebab,diturunkan secara genetik
20,Penyebab,kelainan kekebalan tubuh
20,Penyebab,belum diketahui penyebab pasti
20,Outcome,belum ada obat untuk menyembuhkan secara total
20,Penyakit,psoriasis
20,Penyebab,sistem kekebalan tubuh dipengaruhi oleh sel T
20,Prakondisi,orang normal
20,Tindakan,sel T membantu pertahanan tubuh
20,Tindakan,sel T menyerang bakteri atau virus
20,Prakondisi,penderita psoriasis
20,Penyebab,sel T menyerang sel kulit yang sehat
20,Outcome,tubuh meningkatkan pembentukan sel kulit yang sehat
20,Outcome,siklus pembentukan sel kulit baru terlalu cepat
20,Prakondisi,kulit manusia normal
20,Objek,pergantian kulit
20,Periode,3 – 4 minggu
20,Prakondisi,penderita psoriasis
20,Objek,pergantian kulit
20,Periode,2 – 4 hari atau lebih cepat
20,Outcome,pembentukan kulit yang tebal dan bersisik
20,Penyakit,psoriasis
20,Tindakan,menghindari infeksi
20,Tindakan,menghindari luka pada kulit
20,Tindakan,menghindari stress berlebih
20,Tindakan,menghindari cuaca dingin
20,Tindakan,menghindari merokok
20,Tindakan,menghindari minum alkohol berlebihan
20,Penyakit,psoriasis
20,Penyebab,obat belum ditemukan
20,Outcome,pengobatan hanya menekan gejala
20,Outcome,memperbaiki keadaan kulit
20,Outcome,mengurangi rasa gatal
20,Outcome,tidak pernah mencapai sembuh bebas pengobatan
20,Tindakan,pengobatan lanjutan
20,Tindakan,pemeliharaan jangka Panjang
20,Outcome,mempertahankan kondisi
20,Outcome,mengontrol kelainan kulit yang baru
20,Penyakit,psoriasis
20,Objek,derajat keparahan yang diderita
20,Objek,lokasi penyakit
20,Objek,tipe
20,Objek,usia
20,Objek,jenis kelamin
20,Objek,riawayat Kesehatan penderita
20,Penyakit,psoriasis
20,Tindakan,pengobatan luar (topical)
20,Prakondisi,luas kelainan kulit kurang dari 5 %
20,Objek,ter batubara
20,Objek,kortikosteroid
20,Objek,calcipotriol
20,Objek,antralim
20,Objek,retinoid topical (tazaroten)
20,Objek,asam salisilat
20,Objek,pimekrolimus
20,Objek,emolien
20,Objek,keratolitik
20,Penyakit,psoriasis
20,Tindakan,fototerapi
20,Prakondisi,berhasil pada pengobatan topical
20,Tindakan,pengobatan sistemik
20,Tindakan,makan obat
20,Tindakan,suntik
20,Outcome,obat diserap
20,Outcome,masuk ke dalam aliran darah
20,Outcome,tersebar ke seluruh tubuh
20,Objek,retinoid
20,Objek,metotreksat
20,Objek,siklosporin
20,Objek,azatiophrine
20,Gejala,ganggunan kulit tampak lembab
20,Gejala,pinggiran lingkaran tampak lebih merah
20,Penyakit,infeksi jamur
20,Gejala,berkaitan dengan makanan tertentu
20,Objek,udang
20,Objek,telur
20,Penyakit,dermatitis
20,Penyebab,terbatasnya data
20,Penyebab,tanpa dibarengi pemeriksaan langsung
20,Penyebab,banyaknya kemungkinan masalah kulit
20,Tindakan,memeriksakan diri ke dokter
20,Outcome,tahu penyebabnya
20,Outcome,tahu pengobatannya
20,Penutup,terima kasih
21,Pasien,anak
21,Penyakit,panu di wajah
21,Tindakan,memberikan salep panu
21,Outcome,tidak sembuh
21,Pertanyaan,apa salep panu yang baik untuk anak
21,Pembuka,salam
21,Pembuka,simpati
21,Penyakit,panu
21,Prakondisi,kebersihan tubuh tidak terkontrol
21,Outcome,dapat muncul Kembali
21,Tindakan,pengobatan konsisten dan tekun
21,Penyakit,panu
21,Objek,obat oles
21,Periode,dua minggu
21,Objek,obat minum
21,Periode,5 – 10 hari
21,Tindakan,menjaga kebersihan tubuh
21,Tindakan,rajin mandi
21,Prakondisi,pakaian sudah berkeringat
21,Tindakan,mengganti pakaian
21,Tindakan,mulai pengobatan
21,Outcome,gatal dan sisik mudah menghilang
21,Outcome,bercak hipopigmentasi sulit hilang
21,Objek,bercak hipopigmentasi
21,Prakondisi,terkena paparan sinar matahari
21,Outcome,memicu melanosit (pigmen tubuh)
21,Outcome,kembali ke warna normal kulit
21,Objek,obat yang diresepkan dokter kulit
21,Outcome,hiperpigmentasi
21,Tindakan,Berkonsultasi dengan dokter kulit
21,Penutup,anjuran
21,Artikel,"panu, penyebab dan solusinya"
21,Artikel,"Ibu, Ini Cara Mengobati Panu pada Anak"
21,Artikel,2 Cara Ampuh Mengobati Panu yang Perlu Anda Tahu
21,Penutup,terimakasih
21,Penutup,anjuran
21,Penutup,doa
22,Pasien,wanita
22,Usia pasien,17 tahun
22,Gejala,bengkak pada jari tangan
22,Gejala,bengkak pada kaki
22,Gejala,bengkak pada kulit
22,Kapan,tiba-tiba
22,Pertanyaan,akibat apa
22,Pembuka,terimakasih
22,Pertanyaan,apakah memiliki bakat alergi
22,Pertanyaan,apakah pertama kali
22,Pertanyaan,apakah tangan terpapar bahan yg menyebabkan iritasi
22,Objek,detergen
22,Objek,cairan pembersih lantai
22,Objek,pemutih pakaian
22,Pertanyaan,apakah sabun baru digunakan pertama kali
22,Prakondisi,informasi yang diberikan terbatas
22,Outcome,belum dapat menentukan diagnosis penyakit
22,Prakondisi,pertanyaan (sebelumnya) terjawab iya
22,Penyakit,dermatitis kontak iritan atau dermatitis kontak alergi
22,Outcome,menangani penyakit
22,Tindakan,menghindari alergen
22,Prakondisi,mencari tahu alergen
22,Outcome,mengurangi gejala
22,Tindakan,menggunakan pelembab
22,Objek,hipoalergenik
22,Tindakan,menggunakan steroid oles
22,Objek,mometasone furoat
22,Tindakan,pemeriksaan langsung oleh dokter
22,Referensi,anjuran membaca referensi
22,Artikel,penyebab kulit gatal
22,Artikel,hindari menggaruk kulit saat gatal
22,Artikel,kulit gatal bisa tunjukkan kondisi Kesehatan anda
22,Penutup,terimakasih
22,Penutup,harapan
23,Pasien,pria
23,Usia pasien,4 tahun
23,Gejala,kaki dan tangan muncul bintik putih dan gatal
23,Prakondisi,didiagnosa panu
23,Tindakan,dikasih obat
23,Objek,ketoconazol krim
23,Objek,ketomed
23,Objek,obat puyer
23,Periode,2 minggu
23,Outcome,tidak ada perubahan
23,Outcome,malah bertambah banyak
23,Pembuka,terimakasih
23,Pembuka,salam
23,Penyakit,infeksi jamur pada kulit
23,Tindakan,penanganan menggunakan obat
23,Tindakan,penanganan tanpa obat
23,Penyakit,infeksi jamur pada kulit
23,Tindakan,menggunakan obat oles
23,Tindakan,menggunakan krim anti jamur
23,Outcome,mengobati infeksi jamur pada kulit
23,Prakondisi,kelainan lain
23,Tindakan,membutuhkan obat minum
23,Tindakan,pemakaian obat anti jamur
23,Prakondisi,memerlukan dosis dan cara pemakaian khusus
23,Outcome,mencegah infeksi jamur
23,Penyakit,tinea unguium
23,Penyakit,jamur pada kuku
23,Tindakan,pengobatan yang memakan waktu lama
23,Periode,berbulan-bulan
23,Tindakan,memakai obat dengan cara yang tidak umum
23,Prakondisi,mengunjungi dokter
23,Tindakan,menggunakan obat antijamur
23,Outcome,menghilangkan faktor pencetus infeksi
23,Penyakit,tinea pedis
23,Gejala,jamur pada jari kaki
23,Tindakan,menjaga kondisi kaki tetap kering
23,Tindakan,menghindari kaki lembab
23,Outcome,menyembuhkan
23,Outcome,menghindari terulangnya infeksi
23,Prakondisi,faktor pencetus infeksi jamur sangat bervariasi
23,Prakondisi,mengetahui faktor pencetus infeksi
23,Tindakan,mendiskusikan (faktor pencetus infeksi) dengan dokter
23,Outcome,meningkatkan imunitas tubuh
23,Tindakan,mengonsumsi makanan bergizi seimbang
23,Tindakan,tidak bertukar barang pribadi
23,Objek,pakaian
23,Objek,pakaian dalam
23,Objek,handuk
23,Tindakan,mandi minimal 2 kali sehari
23,Objek,sabun
23,Outcome,kebersihan diri terjaga
23,Tindakan,mengobati infeksi jamur pada kulit
23,Outcome,mencegah terjadinya infeksi sekunder
23,Penyebab,mikroorganisme lain
23,Prakondisi,keluhan tidak membaik
23,Tindakan,kontrol ke dokter
23,Penutup,terimakasih
24,Pasien,pria
24,Usia pasien,19 tahun
24,Penyakit,penyakit kulit di alis dan kepala
24,Gejala,kulit bersisik
24,Gejala,terkadang gatal
24,Periode,2 tahun lebih
24,Tindakan,memberikan protelium jelly
24,Outcome,mengatasi kulit kering
24,Periode,hanya bertahan sampai siang
24,Tindakan,berjemur tiap minggu pukul 2 siang
24,Pertanyaan,apa penyakitnya
24,Pembuka,terimakasih
24,Pembuka,simpati
24,Gejala,jamur di kulit kepala
24,Penyakit,dermatitis seboroik
24,Prakondisi,kulit kepala bersisik
24,Prakondisi,kulit kepala merah
24,Prakondisi,kulit kepala ketombe
24,Prakondisi,terkadang menyerang bagian tubuh lain yang kaya minyak
24,Observasi,"wajah, dada bagian atas, punggung"
24,Penyakit,dermatitis seboroik
24,Observasi,"terdapat serpihan kulit atau ketombe pada kulit kepala, rambut, alis, janggut, dan atau kumis"
24,Observasi,bercak pada kulit berminyak yang ditutupi dengan serpihan putih / kuning / kerak
24,Observasi,"bercak kulit di daerah kepala, telinga, wajah, dada, ketiak, skrotum, atau bagian tubuh lain"
24,Observasi,kulit kelopak mata merah
24,Observasi,kulit kelopak mata mengeras (blepharitis)
24,Observasi,gatal
24,Observasi,timbul sensasi menyengat
24,Tindakan,terapi
24,Penyakit,dermatitis seboroik
24,Prakondisi,kesabaran
24,Prakondisi,perlu perulangan
24,Prakondisi,membutuhkan waktu yang lama
24,Tindakan,terapi mandiri di rumah
24,Tindakan,Cuci rambut dengan shampo anti ketombe
24,Objek,shampo mengandung pyrithione zinc
24,Objek,shampo mengandung selenium
24,Tindakan,menggunakan shampo anti jamur
24,Objek,ketokonazol
24,Periode,2 kali seminggu
24,Objek,shampo mengandung tar
24,Objek,shampo mengandung salicylic acid
24,Tindakan,Kombinasi menggunakan beberapa produk shampo
24,Prakondisi,menggunakan satu macam produk
24,Periode,jangka waktu yang lama
24,Outcome,mengurangi efektivitas terapi
24,Tindakan,membiarkan shampo
24,Periode,beberapa saat
24,Prakondisi,ketika mencuci rambut
24,Outcome,memberikan waktu bekerja zat yg terkandung
24,Tindakan,memaparkan produk
24,Objek,wajah
24,Objek,telinga
24,Objek,dada
24,Objek,kulit yang terkena penyakit (dermatitis seboroik)
24,Tindakan,mengoles minyak zaitun pada kulit yang terkena
24,Periode,satu jam
24,Tindakan,basuh dengan air
24,Tindakan,dicuci menggunakan shampo / sabun
24,Tindakan,membersihkan kulit
24,Periode,rutin
24,Prakondisi,tidak ada shampo / sabun yang tertinggal
24,Objek,sabun yang bersifat iritatif
24,Tindakan,mengurangi penggunaan
24,Tindakan,mengoleskan pelembab
24,Prakondisi,setelah mandi
24,Prakondisi,Mengoleskan salep
24,Objek,kortikoteroid ringan
24,Objek,anti jamur
24,Tindakan,menggunakan pakaian berbahan lembut
24,Tindakan,menggunakan pakaian berbahan lembut
24,Objek,katun
24,Tindakan,tidak pelihara janggut
24,Tindakan,tidak pelihara kumis
24,Tindakan,menghindari menggaruk kulit
24,Outcome,terhindar dari iritasi
24,Outcome,terhindar dari infeksi
24,Prakondisi,gatal
24,Tindakan,mengoleskan salep
24,Objek,hidrokortison
24,Objek,losion calamine
24,Prakondisi,perawatan tidak membaik
24,Tindakan,konsultasi dengan dokter
24,Penutup,salam
25,Pasien,pria
25,Penyakit,panu pada muka
25,Pertanyaan,apa obat
25,Pembuka,terimakasih
25,Penyakit,panu atau pitiriasis versikolor
25,Penyebab,infeksi ringan malasezia furfur
25,Gejala,bercak putih sampai coklat
25,Gejala,bersisik
25,Gejala,menyerang badan
25,Objek,ketiak
25,Objek,sela paha
25,Objek,tungkai atas
25,Objek,leher
25,Objek,muka
25,Objek,kulit kepala
25,Penyakit,tinea versicolor (nama lain)
25,Penyakit,panu atau pitiriasis versicolor
25,Objek,punggung
25,Objek,dada
25,Objek,leher
25,Objek,lengan
25,Pasien,anak-anak (penderita lain)
25,Objek,wajah
25,Gejala,timbul bercak putih atau kecoklatan
25,Gejala,bercak gatal bila berkeringat
25,Gejala,bisa saja tidak gatal
25,Outcome,penderita mengeluh malu
25,Prakondisi,kulit berwarna
25,Gejala,bercak hipopigmentasi
25,Gejala,kulit lebih terang
25,Prakondisi,kulit pucat
25,Gejala,bercak berwarna kecoklatan
25,Gejala,bercak berwarna kemerahan
25,Gejala,terdapat skuama (sisik halus)
25,Tindakan,pengobatan
25,Prakondisi,tekun dan konsisten
25,Tindakan,pengobatan
25,Outcome,menghilangkan bukti infeksi aktif (skuama)
25,Periode,beberapa hari
25,Prakondisi,pengobatan tuntas
25,Periode,beberapa minggu
25,Penyebab,perubahan pigmen lebih lambat hilangnya
25,Objek,daerah hipopigmentasi
25,Penyebab,belum tampak normal hingga coklat kembali
25,Prakondisi,terkena sinar matahari lebih lama
25,Objek,daerah hipopigmentasi
25,Outcome,berwarna coklat Kembali
25,Tindakan,terapi sudah cukup
25,Outcome,bisa kambuh
25,Outcome,bisa terkena infeksi Kembali
25,Tindakan,pengobatan
25,Objek,griseofulvin
25,Outcome,penyakit memberi respon yang baik
25,Objek,obat anti jamur
25,Objek,salep whitfield
25,Objek,salep salisil sulfur
25,Objek,salep spiritus
25,Objek,tiosulfatnatrikus 25%
25,Objek,sulfida 2% dalam shampo
25,Objek,imidasol
25,Objek,ketokonasol
25,Objek,toksilat dalam bentuk krim konsentrasi 1-2%
25,Objek,toksilat dalam bentuk larutan konsentrasi 1-2%
25,Outcome,berkhasiat baik
25,Tindakan,memeriksakan keadaan kulit dengan dokter
25,Outcome,memastikan penyakit yang diderita adalah panu
25,Referensi,anjuran untuk menambah referensi
25,Artikel,2 cara ampuh mengobati panu yang perlu anda tahu
25,Penutup,terimakasih
26,Pasien,pria
26,Usia pasien,31 tahun
26,Gejala,kebotakan di seputaran kepala sebesar koin
26,Gejala,berada di area kepala
26,Pertanyaan,apakah terinfeksi jamur dermatophytes
26,Pembuka,terimakasih
26,Pembuka,simpati
26,Penyakit,kerontokan rambut
26,Gejala,rontoknya 100 atau lebih helai
26,Objek,rambut
26,Periode,per hari
26,Penyebab,herediter (keturunan)
26,Penyebab,penyakit tertentu
26,Penyebab,infeksi jamur
26,Penyebab,anemia
26,Penyebab,demam
26,Penyebab,sakit tifus
26,Penyebab,salah perawatan rambut
26,Penyakit,infeksi jamur pada kulit kepala
26,Observasi,kebotakan area tertentu
26,Observasi,peradangan
26,Observasi,bersisik
26,Observasi,gatal di kulit kepala
26,Observasi,benjolan kecil berisi nanah
26,Observasi,adanya ketombe
26,Outcome,infeksi sudah parah
26,Observasi,pembengkakan pada area tertentu
26,Observasi,demam
26,Observasi,pembengkakan kelenjar di leher
26,Penyakit,infeksi jamur pada kulit kepala
26,Tindakan,pemeriksaan fisik oleh dokter
26,Outcome,memastikan infeksi
26,Penyakit,infeksi jamur pada kulit kepala
26,Penyakit,tinea capitis
26,Tindakan,menggunakan obat anti jamur
26,Prakondisi,obat oles tidak cukup
26,Tindakan,menggunakan obat minum
26,Periode,1-1.5 bulan
26,Objek,griseofulvin
26,Tindakan,terapi tambahan menggunakan shampo anti jamur
26,Outcome,mencegah penularan
26,Objek,shampo
26,Objek,2.5% selenium sulfide
26,Objek,povidone-iodine
26,Objek,2% ketoconazole
26,Prakondisi,perdangan yang lebih berat
26,Tindakan,menggunakan obat oles
26,Objek,krim ketokonazol
26,Objek,krim pragmatar
26,Referensi,anjuran membaca artikel terkait
26,Artikel,jamur di kepala
26,Artikel,5 penyebab rambut rontok
26,Prakondisi,telah melakukan pengobatan namun kerontokan tidak berkurang
26,Tindakan,berkonsultasi ke dokter
26,Penutup,salam
27,Pasien,pria
27,Usia pasien,22 tahun
27,Gejala,bisul yang seperti jerawat di daerah pantat
27,Gejala,bisul cukup banyak
27,Pertanyaan,obatnya apa
27,Pembuka,terimakasih
27,Pembuka,salam
27,Penyakit,infeksi jamur
27,Penyebab,organisme dermatofita
27,Penyebab,organisme mengkonsumsi keratin pada kuku dan rambut
27,Outcome,sumber makanan
27,Outcome,perubahan warna pada kuku kaki
27,Outcome,penebalan kuku
27,Outcome,kuku membelah
27,Outcome,kulit bersisik
27,Outcome,kaki berbau tak sedap
27,Outcome,iritasi
27,Outcome,rasa nyeri
27,Tindakan,menggunakan sepatu dan sandal yang nyaman
27,Tindakan,menggunakan kaus kaki
27,Outcome,menyerap keringat
27,Outcome,kaki tidak lembap
27,Tindakan,menggunakan kaus kaki berbahan katun
27,Outcome,menyerap keringat
27,Tindakan,tidak memakai sepatu yang sama
27,Periode,setiap hari
27,Tindakan,memberi waktu sepatu
27,Tindakan,menjemur sepatu di bawah sinar matahari
27,Tindakan,basuh kaki hingga ke sela ketika mandi
27,Objek,sabun
27,Objek,air mengalir
27,Tindakan,mengeringkan kaki
27,Tindakan,tidak membiarkan kaki lembab
27,Kapan,ketika menggunakan kaus kaki atau sepatu
27,Prakondisi,kaki mengeluarkan banyak keringat
27,Tindakan,mengganti kaus kaki lebih sering
27,Tindakan,mencuci kaus kaki
27,Prakondisi,digunakan setiap hari
27,Prakondisi,hendak digunakan kembali
27,Tindakan,menjemur kaus kaki di bawah sinar matahari
27,Outcome,kaus kaki kering dan tidak lembab
27,Tindakan,tidak meminjam kaus kaki
27,Tindakan,tidak meminjam sepatu
27,Outcome,menghindari tertular infeksi jamur
27,Referensi,anjuran membaca referensi mengenai infeksi jamur
27,Artikel,"infeksi jamur di kaki, cegah dengan car aini"
27,Artikel,"waspada infeksi jamur, kenali jenis dan gejalanya"
27,Penutup,terimakasih
28,Pasien,wanita
28,Usia pasien,19 tahun
28,Kapan,setelah periksa di dokter kulit dan kelamin
28,Outcome,diberikan salep dan obat merah
28,Gejala,wajah merah
28,Penyebab,jamur
28,Prakondisi,pemeriksaan
28,Prakondisi,penggunaan salep
28,Outcome,tidak ada perubahan
28,Pertanyaan,obat yg aman digunakan
28,Penyakit,jamur di wajah
28,Tindakan,diobati menggunakan obat antijamur oles atau minum
28,Prakondisi,luasnya lesi
28,Outcome,mengetahui jenis jamur di wajah
28,Tindakan,pemeriksaan laboratorium kerokan kulit
28,Tindakan,berkonsultasi dengan dokter spesialis kulit dan kelamin
28,Outcome,untuk mendpatkan pengobatan yang tepat
28,Penyebab,pengobatan infeksi jamur memakan waktu
28,Periode,minimal 2 minggu
28,Prakondisi,tetap sabar dan tetap berobat secara teratur
28,Penutup,harapan
28,Penutup,salam
29,Pasien,wanita
29,Usia pasien,19 tahun
29,Pertanyaan,obat apa
29,Pembuka,terimakasih
29,Pembuka,salam pembuka
29,Pembuka,simpati
29,Penyakit,infeksi jamur pada kulit (tinea)
29,Prakondisi,letak di selangkangan
29,Penyakit,tinea cruris
29,Prakondisi,letak di badan
29,Penyakit,tinea corporis
29,Penyebab,kulit yang lembab
29,Outcome,baik untuk pertumbuhan kuman dan jamur
29,Observasi,"gatal, berbau, lembab, kulit mudah iritasi/kemerahan"
29,Tindakan,mandi minimal 2 kali sehari
29,Tindakan,bersihkan daerah lipatan setiap hari
29,Tindakan,dikeringkan dengan kain kering
29,Tindakan,menggunakan pakaian berbahan katun
29,Tindakan,menggunakan pakaian yang menyerap keringat
29,Tindakan,tidak menggunakan handuk bersama-sama orang lain
29,Tindakan,menggunakan handuk bersih
29,Tindakan,mencuci handuk sesering mungkin
29,Tindakan,menggunakan pakaian yang terlalu ketat
29,Tindakan,menggunakan celana dalam yang terlalu ketat
29,Tindakan,menurunkan berat badan
29,Prakondisi,berat badan berlebih
29,Outcome,berisiko terkena infeksi jamur lebih tinggi
29,Tindakan,segera mandi
29,Kapan,setelah melakukan aktivitas fisik
29,Tindakan,pengobatan untuk jamur
29,Periode,2-4 minggu
29,Objek,obat salep golongan azole
29,Objek,obat oral
29,Prakondisi,kulit telah kembali normal
29,Prakondisi,tidak mengalami gejala
29,Tindakan,pengobatan tetap dilanjutkan
29,Periode,hingga 2 minggu setelahnya
29,Prakondisi,membutuhkan kesabaran dan kedisiplinan
29,Tindakan,menghindari kebiasaan menggaruk
29,Outcome,kulit semakin gatal
29,Outcome,meningkatkan risiko iritasi dan infeksi
29,Penutup,demikian
29,Penutup,salam
30,Pasien,wanita
30,Usia pasien,23 tahun
30,Tindakan,mandi dan beraktivitas di luar ruangan
30,Pertanyaan,apa berbahaya
30,Pembuka,terimakasih
30,Prakondisi,mengalami cacar air
30,Tindakan,tidak ada halangan dan larangan untuk mandi
30,Prakondisi,aktivita sdi luar ruangan
30,Tindakan,menggunakan masker
30,Outcome,tidak menulari orang lain
30,Outcome,tidak mendapatkan infeksi tambahan dari orang lain
30,Penutup,demikian
30,Penutup,salam
31,Pasien,wanita
31,Usia pasien,15 tahun
31,Prakondisi,cacar air belum sembuh
31,Pertanyaan,boleh menggunakan masker putih telur
31,Prakondisi,terlanjur digunakan
31,Pertanyaan,apa ada efek samping
31,Pembuka,terimakasih
31,Pembuka,simpati
31,Penyakit,cacar air
31,Outcome,dapat sembuh dengan sendirinya
31,Prakondisi,pengobatan
31,Outcome,mencegah virus menginfeksi semakin luas
31,Outcome,mencegah virus menurunkan daya tahan tubuh
31,Outcome,meningkatkan daya tahan tubuh
31,Outcome,mencegah komplikasi
31,Prakondisi,tubuh kehilangan banyak cairan
31,Kapan,fase demam
31,Kapan,saat ruam kemerahan muncul
31,Tindakan,mendapatkan cairan yang cukup
31,Tindakan,minum cairan 2-3 liter per hari
31,Prakondisi,ada tanda dehidrasi atau kekurangan cairan
31,Prakondisi,jumlah air kecil berkurang
31,Prakondisi,tangan dan kaki teraba dingin
31,Outcome,pemberian cairan melalui infus
31,Objek,antipiretik atau penurun demam
31,Prakondisi,mengalami nyeri dan demam
31,Tindakan,Pemberian obat mengandung asetaminofen
31,Kapan,Bila suhu lebih dari 37.5 derajat Celsius
31,Prakondisi,demam berkepanjangan
31,Prakondisi,kondisi tubuh semakin lemah
31,Tindakan,berkonsultasi dengan dokter
31,Prakondisi,ruam kemerahan sangat gatal
31,Outcome,penderita menggaruknya
31,Outcome,menyebabkan infeksi bakteri
31,Outcome,memperburuk kondisi
31,Outcome,mengurangi gatal
31,Tindakan,mengompres dingin
31,Tindakan,menggunakan losion berbahan kalamin
31,Prakondisi,Pemberian antivirus
31,Objek,asiklovir
31,Kapan,24 jam setelah muncul bintik kemerahan
31,Prakondisi,setiap orang harus mengalami cacar air
31,Kapan,sekali seumur hidup
31,Outcome,mencegah penyakit
31,Tindakan,vaksinasi
31,Prakondisi,anak usia di atas satu tahun
31,Tindakan,vaksinasi sebanyak satu kali
31,Prakondisi,usia di atas 13 tahun dan orang dewasa
31,Tindakan,vaksin dua kali
31,Periode,interval waktu 4-8 minggu
31,Penutup,demikian
31,Penutup,salam
32,Pasien,wanita
32,Usia pasien,16 tahun
32,Penyakit,cacar air
32,Kapan,dari 4 hari yang lalu
32,Outcome,cacar yang pecah
32,Penyebab,tidak sengaja tergaruk
32,Penyebab,terkena hijab
32,Outcome,bekasnya kering
32,Outcome,mengeluarkan nanah
32,Pertanyaan,apa gak bahaya
32,Pertanyaan,bagaimana cara mengatasinya
32,Pembuka,terimakasih
32,Pembuka,simpati
32,Penyakit,infeksi sekunder
32,Penyebab,bakteri
32,Tindakan,periksa ke dokter
32,Outcome,pemeriksaan secara langsung
32,Outcome,memastikan diagnosis
32,Outcome,memberikan terapi yang diperlukan
32,Penutup,demikian
32,Penutup,salam
33,Pasien,pria
33,Usia pasien,14 tahun
33,Penyakit,cacar air
33,Prakondisi,keropengnya sudah terkelupas
33,Kapan,5hari yang lalu
33,Outcome,izin tidak masuk sekolah
33,Periode,2 minggu
33,Pertanyaan,misal masuk lebih awal
33,Pembuka,terimakasih
33,Pembuka,simpati
33,Objek,virus cacar air
33,Outcome,infeksius
33,Kapan,1-2 hari sebelum munculnya lesi pada kulit
33,Outcome,hilang
33,Kapan,lesi sudah tidak timbul baru
33,Kapan,lesi kulit berbentuk krusta/tidak mengelembung
33,Kapan,1 minggu setelah kemunculan lesi pertama
33,Kapan,1 minggu setelah muncul lesi kulit
33,Outcome,tidak infeksius
33,Objek,makanan
33,Outcome,mempercepat pertumbuhan
33,Tindakan,mengonsumsi makanan bergizi
33,Objek,sayuran dan buah-buahan
33,Prakondisi,gizi seimbang
33,Prakondisi,istirahat cukup
33,Prakondisi,timbul lesi kulit cacar baru
33,Tindakan,tatap beristirahat di rumah
33,Periode,sampai pulih
33,Penutup,demikian
34,Pasien,anak-anak
34,Usia pasien,4 tahun
34,Penyakit,cacar air
34,Pertanyaan,obat apa
34,Pembuka,terimakasih
34,Pembuka,simpati
34,Penyakit,cacar air
34,Penyebab,infeksi
34,Penyebab,virus varicela zooster
34,Prakondisi,penyakit yang disebabkan virus
34,Prakondisi,dapat sembuh dengan sendirinya
34,Tindakan,menignkatkan daya tahan tubuh
34,Pasien,anak
34,Tindakan,istirahat
34,Tindakan,makan dengan gizi yang seimbang
34,Tindakan,diberikan pengobatan suportif/simptomatik
34,Tindakan,mejaga higienis yang baik
34,Outcome,terhindar dari infeksi sekunder
34,Outcome,mengurangi rasa gatal
34,Outcome,mencegah penggarukan
34,Tindakan,dikompres dingin
34,Tindakan,dioleskan losyen
34,Objek,"kalamin, antihistamin"
34,Objek,mentol atau fenol
34,Tindakan,Pengobatan antivirus
34,Objek,asiklovir
34,Outcome,mengurangi beratnya penyakit
34,Prakondisi,diberikan dalam waktu 24 jam
34,Kapan,setelah munculnya ruam pertama
34,Objek,salep asiklovir
34,Prakondisi,berat badan diatas 40kg
34,Outcome,dosis 4 x 800mg
34,Periode,5 hari
34,Kapan,hari ke-5
34,Outcome,lepuhan sudah tidak terbentuk lagi
34,Outcome,lepuhan kering
34,Kapan,hari ke-6
34,Outcome,menghilang
34,Kapan,kurang dari 20 hari
34,Objek,air larutan PK
34,Outcome,mencegah infeksi sekunder
34,Penyebab,bakteri
34,Prakondisi,kondisi terentu
34,Outcome,terjadi komplikasi lebih lanjut
34,Outcome,komplikasi bakteri pada kulit
34,Outcome,komplikasi bakteri pada tulang
34,Outcome,komplikasi bakteri pada persendian
34,Outcome,komplikasi bakteri pada darah (sepsis)
34,Penyakit,peradangan paru (pneumonia)
34,Outcome,perdangan otak (ensefalitis)
34,Outcome,gagal sirkulasi
34,Penyebab,shock sepsis
34,Penyakit,reye’s syndrome
34,Prakondisi,kelompok yang mengonsumsi aspirin
34,Prakondisi,terkena cacar air
34,Objek,bayi dan anak
34,Prakondisi,ibunya belum pernah terkena cacar air
34,Prakondisi,belum pernah mendapat vaksin
34,Objek,dewasa
34,Objek,ibu hamil
34,Prakondisi,belum pernah terkena cacar air
34,Objek,orang yang menjalani kemoterapi
34,Objek,orang yang menderita HIV
34,Penyebab,kekebalan tubuhnya menurun
34,Objek,orang yang mengonsumsi steroid atau obat-obat lain
34,Outcome,menekan imunitas
34,Penutup,demikian
35,Pasien,pria
35,Usia pasien,19 tahun
35,Objek,dosis acyclovir tablet 400mg
35,Pertanyaan,diminum 2 tablet langsung sebanyak 4x
35,Kapan,setiap 6 jam
35,Pembuka,terimakasih
35,Objek,dosis cacar air acyclovir 5 x 800mg
35,Tindakan,dikonsultasikan ke dokter
35,Penutup,demikian
35,Penutup,salam
36,Pasien,wanita
36,Usia pasien,16 tahun
36,Penyakit,bisul di area bokong sebelah kiri
36,Tindakan,dipencet
36,Outcome,mengeluarkan nanah
36,Periode,5 tahun
36,Pertanyaan,apa solusi dan obatnya
36,Penyakit,bisul
36,Penyebab,bakteri streptococcus
36,Penyebab,bakteri staphylococcus
36,Penyakit,furunkel (nama lain)
36,Penyebab,kondisi kulit yang kurang terjaga kebersihannya
36,Penyebab,kondisi kulit lembab
36,Penyakit,gangguan kekebalan tubuh
36,Outcome,berulang kali kambuh
36,Penyebab,faktor pencetus bisul belum dihilangkan
36,Penyebab,bisul yang dimiliki belum ditatalaksana sampai tuntas
36,Objek,obat untuk mengobati bisul
36,Objek,antibiotik topical
36,Objek,antibiotik oral
36,Tindakan,memberikan antibiotic
36,Outcome,mencegah bisul kambuh
36,Tindakan,menjaga kebersihan daerah bisul
36,Penyebab,kelembaban daerah bokong
36,Outcome,timbul bisul kembali
36,Tindakan,menjaga kebersihan daerah sekitar bokong
36,Tindakan,mengeringkan daerah bokong dan sekitarnya
36,Kapan,setelah BAB dan BAK
36,Objek,handuk kecil atau tissue
36,Tindakan,tidak menggunakan celana dalam
36,Tindakan,tidak menggunakan celana yang ketat
36,Tindakan,memakai pakaian dalam dari bahan kaos atau katun
36,Tindakan,rajin berganti pakaian dalam
36,Gejala,keluhan berulang
36,Tindakan,berkonsultasi langsung ke dokter
36,Outcome,dilakukan pemeriksaan fisik secara langsung
36,Penutup,demikian
37,Pasien,pria
37,Usia pasien,54 tahun
37,Penyakit,bisul di kepala dan wajah
37,Outcome,muka bengkak
37,Prakondisi,sudah ke dokter beberapa kali
37,Outcome,kambuh
37,Pembuka,terimakasih
37,Penyakit,folikulitis (bisul)
37,Penyebab,infeksi bakteri pada daerah kulit berambut
37,Penyebab,kelembaban daerah kepala meningkat
37,Pertanyaan,apakah rambut lebat
37,Pertanyaan,apakah sering berkeringat
37,Pertanyaan,apakah sering memakai topi
37,Pertanyaan,apakah memakai produk rambut
37,Outcome,mengindari bisul
37,Tindakan,menghindari kelembaban di daerah tersebut
37,Tindakan,mengeringkan daerah kepala
37,Kapan,bila terlalu lembab berkeringat
37,Tindakan,mengurangi penggunaan penutup kepala
37,Tindakan,menghindari minyak rambut berlebihan
37,Tindakan,mencuci rambut
37,Kapan,setiap hari atau 2 hari
37,Gejala,keluhan berlanjut
37,Tindakan,berkonsultasi ke dokter spesialis kulit dan kelamin
37,Penutup,demikian
37,Penutup,salam
38,Pasien,pria
38,Usia pasien,21 tahun
38,Penyakit,bisul di belahan pantat
38,Gejala,tak kunjung sembuh
38,Gejala,panas turun naik
38,Gejala,nyeri di belahan pantat
38,Periode,seminggu
38,Prakondisi,diberikan obat asam mefenamat dan cefixime
38,Outcome,meriang tidak hilang
38,Outcome,menggigil
38,Outcome,seluruh badan sangat panas
38,Pertanyaan,cara menurunkan panas
38,Pembuka,terimakasih
38,Pembuka,simpati
38,Outcome,menggigil
38,Penyebab,menghasilkan panas dalam tubuh
38,Outcome,suhu tubuh meningkat
38,Kapan,sampai suhu tubuh sama dengan suhu yang telah diatur otak
38,Gejala,ketidakmampuan tubuh mentoleransi dingin
38,Penyebab,normal pada variasi genetic
38,Outcome,tidak perlu diobati
38,Tindakan,berpakaian lengan Panjang
38,Outcome,menandakan penyakit metabolic
38,Penyebab,kelainan hormone tiroid yang rendah
38,Penyebab,efek samping obat-obat jantung dan psikiatri
38,Outcome,tidak dapat menyatakan kondisi menggigil
38,Penyebab,perlu wawancara medis detail dan pemeriksaan fisik lengkap
38,Tindakan,memeriksakan diri ke dokter
38,Outcome,mengetahui kondisi pasti
38,Outcome,mendapatkan pengobatan yang maksimal
38,Penutup,demikian
38,Penutup,salam
39,Pasien,pria
39,Usia pasien,22 tahun
39,Gejala,bisul yang seperti jerawat di daerah pantat
39,Gejala,bisul cukup banyak
39,Pertanyaan,obatnya apa
39,Pembuka,terimakasih
39,Pembuka,salam
39,Referensi,anjuran membaca referensi mengenai bisul
39,Penutup,salam
39,Penutup,terimakasih